Running 184 test cases...
  PASS  cases/database/database_ops.sql                            (0.22s)
  PASS  cases/ddl/create_index_art.sql                             (0.12s)
  PASS  cases/ddl/create_table.sql                                 (0.07s)
  PASS  cases/ddl/create_table_if_not_exists.sql                   (0.12s)
  PASS  cases/ddl/create_table_integers.sql                        (0.08s)
  PASS  cases/ddl/create_table_primary_key.sql                     (0.07s)
  PASS  cases/ddl/create_table_recreate.sql                        (0.15s)
  PASS  cases/ddl/create_table_types.sql                           (0.10s)
  PASS  cases/ddl/create_table_vector.sql                          (0.10s)
  PASS  cases/dml/copy/copy_explain.sql                            (0.19s)
  PASS  cases/dml/copy/copy_from_file.sql                          (1.35s)
  PASS  cases/dml/copy/copy_stdin_stdout.sql                       (0.19s)
  PASS  cases/dml/copy/copy_to_file.sql                            (0.47s)
  PASS  cases/dml/delete/delete_basic.sql                          (0.10s)
  PASS  cases/dml/delete/delete_primary_key.sql                    (0.11s)
  PASS  cases/dml/delete/delete_primary_key_bulk.sql               (0.52s)
  PASS  cases/dml/index_art_dml.sql                                (0.13s)
  PASS  cases/dml/insert/basic_insert.sql                          (0.08s)
  PASS  cases/dml/insert/insert_multirow.sql                       (0.09s)
  PASS  cases/dml/insert/insert_on_conflict_primary_key.sql        (0.12s)
  PASS  cases/dml/insert/insert_partial_columns.sql                (0.10s)
  PASS  cases/dml/insert/insert_primary_key_bulk.sql               (1.75s)
  PASS  cases/dml/insert/insert_vector_append.sql                  (0.08s)
  PASS  cases/dml/update/update_basic.sql                          (0.12s)
  PASS  cases/dml/update/update_primary_key.sql                    (0.10s)
  PASS  cases/dml/update/update_primary_key_partial_rowset.sql     (1.35s)
  PASS  cases/errors/statement_error_match.sql                     (0.00s)
  PASS  cases/example/quickstart.sql                               (0.46s)
  PASS  cases/fulltext/fulltext_english_stopwords_stemming.sql     (0.17s)
  FAIL  cases/fulltext/fulltext_exec_mode_split.sql                (0.18s)
        block 4 mismatch (line 18)
        SQL: EXPLAIN
        SELECT id
        FROM ft_exec_mode_split
        WHERE to_tsvector('simple', content) @@ plainto_tsquery('simple', 'vector database');
        detail: text mismatch
        diff:
        --- expected
        +++ actual
        @@ -1,11 +1,9 @@
         QUERY PLAN
         PROJECTION  (rows=1)
           Output: id
        -  ->  FULLTEXT_SCAN on public.ft_exec_mode_split  (rows=1)
        -    Search Definition: <search-definition-id>
        -    Search Generation: <search-generation-id>
        -    Search Root: <search-root-id>
        -    Search Capability: Queryable
        -    Search Candidate: full text
        -    Column: content
        -    Mode: Filter
        +  ->  FILTER  (rows=1)
        +    Filter: fulltext_match_internal(to_tsvector('simple', public.ft_exec_mode_split.content), 'vector & database')
        +    ->  ROWSET_SCAN on public.ft_exec_mode_split  (rows=5)
        +      Column IDs: 0, 1
        +      Columns: id, content
        +      Residual Predicate: fulltext_match_internal(to_tsvector('simple', content), 'vector & database')
  PASS  cases/fulltext/fulltext_fallback_parity.sql                (0.70s)
  PASS  cases/fulltext/fulltext_global_stats.sql                   (0.19s)
  FAIL  cases/fulltext/fulltext_index_coverage_guard.sql           (0.22s)
        block 4 mismatch (line 12)
        SQL: EXPLAIN
        SELECT id
        FROM ft_coverage_guard
        WHERE to_tsvector('simple', content) @@ plainto_tsquery('simple', 'vector')
        ORDER BY id;
        detail: text mismatch
        diff:
        --- expected
        +++ actual
        @@ -3,11 +3,9 @@
           Sort Key: id ASC NULLS LAST
           ->  PROJECTION  (rows=1)
             Output: id
        -    ->  FULLTEXT_SCAN on public.ft_coverage_guard  (rows=1)
        -      Search Definition: <search-definition-id>
        -      Search Generation: <search-generation-id>
        -      Search Root: <search-root-id>
        -      Search Capability: Queryable
        -      Search Candidate: full text
        -      Column: content
        -      Mode: Filter
        +    ->  FILTER  (rows=1)
        +      Filter: fulltext_match_internal(to_tsvector('simple', public.ft_coverage_guard.content), 'vector')
        +      ->  ROWSET_SCAN on public.ft_coverage_guard  (rows=2)
        +        Column IDs: 0, 1
        +        Columns: id, content
        +        Residual Predicate: fulltext_match_internal(to_tsvector('simple', content), 'vector')
  PASS  cases/fulltext/fulltext_pg.sql                             (0.29s)
  PASS  cases/fulltext/fulltext_prefix_proximity.sql               (0.18s)
  PASS  cases/fulltext/fulltext_projection_materialize.sql         (0.17s)
  FAIL  cases/fulltext/fulltext_rank_cd.sql                        (0.17s)
        block 5 mismatch (line 31)
        SQL: EXPLAIN
        SELECT id
        FROM ft_t024_rank_cd
        WHERE to_tsvector('simple', content) @@ plainto_tsquery('simple', 'alpha beta')
        ORDER BY ts_rank_cd(
            to_tsvector('simple', content),
            plainto_tsquery('simple', 'alpha beta')
        ) DESC,
        id
        LIMIT 2;
        detail: text mismatch
        diff:
        --- expected
        +++ actual
        @@ -6,11 +6,9 @@
             Limit: 2
             ->  PROJECTION  (rows=1)
               Output: id, ts_rank_cd(to_tsvector('simple', public.ft_t024_rank_cd.content), 'alpha & beta')
        -      ->  FULLTEXT_SCAN on public.ft_t024_rank_cd  (rows=1)
        -        Search Definition: <search-definition-id>
        -        Search Generation: <search-generation-id>
        -        Search Root: <search-root-id>
        -        Search Capability: Queryable
        -        Search Candidate: full text
        -        Column: content
        -        Mode: Filter
        +      ->  FILTER  (rows=1)
        +        Filter: fulltext_match_internal(to_tsvector('simple', public.ft_t024_rank_cd.content), 'alpha & beta')
        +        ->  ROWSET_SCAN on public.ft_t024_rank_cd  (rows=5)
        +          Column IDs: 0, 1
        +          Columns: id, content
        +          Residual Predicate: fulltext_match_internal(to_tsvector('simple', content), 'alpha & beta')
  PASS  cases/fulltext/fulltext_ts_headline.sql                    (0.08s)
  PASS  cases/graph/create_property_graph.sql                      (0.63s)
  PASS  cases/graph/graph_bulk_rowid.sql                           (0.40s)
  PASS  cases/graph/graph_bulk_rowid_consistency.sql               (0.42s)
  PASS  cases/graph/graph_clause_order.sql                         (0.15s)
  PASS  cases/graph/graph_composite_keys.sql                       (0.17s)
  PASS  cases/graph/graph_delta_adjacency.sql                      (0.32s)
  PASS  cases/graph/graph_dml_hook.sql                             (0.20s)
  PASS  cases/graph/graph_expand_into.sql                          (0.31s)
  PASS  cases/graph/graph_expand_vectorized.sql                    (0.45s)
  FAIL  cases/graph/graph_explain.sql                              (0.39s)
        block 17 mismatch (line 175)
        SQL: EXPLAIN ANALYZE SELECT * FROM GRAPH_TABLE(social_network
            MATCH (a:Person)-[k:Knows]->(b:Person)
            COLUMNS (a.name AS from_name, b.name AS to_name)
        ) gt;
        detail: text mismatch
        diff:
        --- expected
        +++ actual
        @@ -1,9 +1,9 @@
         QUERY PLAN
         PIPELINE 0
        -  SOURCE #0 GRAPH_SCAN (actual time=<time-range> rows=3 loops=<loops>)
        -  TRANSFORM #1 GRAPH_EXPAND (actual time=<time-range> rows=3 loops=<loops>)
        -  TRANSFORM #2 GRAPH_PROJECT (actual time=<time-range> rows=3 loops=<loops>)
        -  TRANSFORM #3 PROJECTION (actual time=<time-range> rows=3 loops=<loops>)
        +  SOURCE #0 GRAPH_SCAN (actual time=<time-range> rows=3 loops=<loops>) logical_node_id=28
        +  TRANSFORM #1 GRAPH_EXPAND (actual time=<time-range> rows=3 loops=<loops>) logical_node_id=29
        +  TRANSFORM #2 GRAPH_PROJECT (actual time=<time-range> rows=3 loops=<loops>) logical_node_id=30
        +  TRANSFORM #3 PROJECTION (actual time=<time-range> rows=3 loops=<loops>) logical_node_id=31
           SINK #4 CLIENT_RESULT (actual time=<time-range> rows=3 loops=<loops>)
         PROFILE schema_version=1 query_id=<id> events=<events> parallelism=<threads> workers=<workers> worker_utilization=<ratio> ready_time_us=<us> wait_time_us=<us> wake_coalesce=<count> backpressure=<count> runtime_filter_installed=0 runtime_filter_no_wait=0
         MEMORY_PROFILE grant_bytes=<bytes> revoked_bytes=<bytes> revocable_bytes=<bytes> spill_bytes=<bytes> spill_latency_us=<us> yield_latency_us=<us> repartition_depth=0
        
        block 18 mismatch (line 192)
        SQL: EXPLAIN ANALYZE SELECT * FROM GRAPH_TABLE(social_network
            MATCH ANY SHORTEST (a:Person)-[k:Knows]->{1,3}(b:Person)
            COLUMNS (a.name AS from_name, b.name AS to_name)
        ) gt;
        detail: text mismatch
        diff:
        --- expected
        +++ actual
        @@ -1,9 +1,9 @@
         QUERY PLAN
         PIPELINE 0
        -  SOURCE #0 GRAPH_SCAN (actual time=<time-range> rows=3 loops=<loops>)
        -  TRANSFORM #1 GRAPH_SHORTEST_PATH (actual time=<time-range> rows=3 loops=<loops>)
        -  TRANSFORM #2 GRAPH_PROJECT (actual time=<time-range> rows=3 loops=<loops>)
        -  TRANSFORM #3 PROJECTION (actual time=<time-range> rows=3 loops=<loops>)
        +  SOURCE #0 GRAPH_SCAN (actual time=<time-range> rows=3 loops=<loops>) logical_node_id=28
        +  TRANSFORM #1 GRAPH_SHORTEST_PATH (actual time=<time-range> rows=3 loops=<loops>) logical_node_id=29
        +  TRANSFORM #2 GRAPH_PROJECT (actual time=<time-range> rows=3 loops=<loops>) logical_node_id=30
        +  TRANSFORM #3 PROJECTION (actual time=<time-range> rows=3 loops=<loops>) logical_node_id=31
           SINK #4 CLIENT_RESULT (actual time=<time-range> rows=3 loops=<loops>)
         PROFILE schema_version=1 query_id=<id> events=<events> parallelism=<threads> workers=<workers> worker_utilization=<ratio> ready_time_us=<us> wait_time_us=<us> wake_coalesce=<count> backpressure=<count> runtime_filter_installed=0 runtime_filter_no_wait=0
         MEMORY_PROFILE grant_bytes=<bytes> revoked_bytes=<bytes> revocable_bytes=<bytes> spill_bytes=<bytes> spill_latency_us=<us> yield_latency_us=<us> repartition_depth=0
        
        block 21 mismatch (line 215)
        SQL: EXPLAIN ANALYZE SELECT * FROM GRAPH_TABLE(social_network
            MATCH (a:Person)-[k:Knows]->{1,3}(b:Person)
            COLUMNS (a.name AS from_name, b.name AS to_name)
        ) gt;
        detail: text mismatch
        diff:
        --- expected
        +++ actual
        @@ -1,9 +1,9 @@
         QUERY PLAN
         PIPELINE 0
        -  SOURCE #0 GRAPH_SCAN (actual time=<time-range> rows=3 loops=<loops>)
        -  TRANSFORM #1 GRAPH_EXPAND (actual time=<time-range> rows=3 loops=<loops>)
        -  TRANSFORM #2 GRAPH_PROJECT (actual time=<time-range> rows=3 loops=<loops>)
        -  TRANSFORM #3 PROJECTION (actual time=<time-range> rows=3 loops=<loops>)
        +  SOURCE #0 GRAPH_SCAN (actual time=<time-range> rows=3 loops=<loops>) logical_node_id=28
        +  TRANSFORM #1 GRAPH_EXPAND (actual time=<time-range> rows=3 loops=<loops>) logical_node_id=29
        +  TRANSFORM #2 GRAPH_PROJECT (actual time=<time-range> rows=3 loops=<loops>) logical_node_id=30
        +  TRANSFORM #3 PROJECTION (actual time=<time-range> rows=3 loops=<loops>) logical_node_id=31
           SINK #4 CLIENT_RESULT (actual time=<time-range> rows=3 loops=<loops>)
         PROFILE schema_version=1 query_id=<id> events=<events> parallelism=<threads> workers=<workers> worker_utilization=<ratio> ready_time_us=<us> wait_time_us=<us> wake_coalesce=<count> backpressure=<count> runtime_filter_installed=0 runtime_filter_no_wait=0
         MEMORY_PROFILE grant_bytes=<bytes> revoked_bytes=<bytes> revocable_bytes=<bytes> spill_bytes=<bytes> spill_latency_us=<us> yield_latency_us=<us> repartition_depth=0
        
        block 22 mismatch (line 232)
        SQL: EXPLAIN ANALYZE SELECT * FROM GRAPH_TABLE(social_network
            MATCH p = ANY SHORTEST (a:Person)-[k:Knows]->{1,3}(b:Person)
            COLUMNS (a.name AS from_name, b.name AS to_name, path_length(p) AS hops)
        ) gt;
        detail: text mismatch
        diff:
        --- expected
        +++ actual
        @@ -1,9 +1,9 @@
         QUERY PLAN
         PIPELINE 0
        -  SOURCE #0 GRAPH_SCAN (actual time=<time-range> rows=3 loops=<loops>)
        -  TRANSFORM #1 GRAPH_SHORTEST_PATH (actual time=<time-range> rows=3 loops=<loops>)
        -  TRANSFORM #2 GRAPH_PROJECT (actual time=<time-range> rows=3 loops=<loops>)
        -  TRANSFORM #3 PROJECTION (actual time=<time-range> rows=3 loops=<loops>)
        +  SOURCE #0 GRAPH_SCAN (actual time=<time-range> rows=3 loops=<loops>) logical_node_id=19
        +  TRANSFORM #1 GRAPH_SHORTEST_PATH (actual time=<time-range> rows=3 loops=<loops>) logical_node_id=20
        +  TRANSFORM #2 GRAPH_PROJECT (actual time=<time-range> rows=3 loops=<loops>) logical_node_id=21
        +  TRANSFORM #3 PROJECTION (actual time=<time-range> rows=3 loops=<loops>) logical_node_id=22
           SINK #4 CLIENT_RESULT (actual time=<time-range> rows=3 loops=<loops>)
         PROFILE schema_version=1 query_id=<id> events=<events> parallelism=<threads> workers=<workers> worker_utilization=<ratio> ready_time_us=<us> wait_time_us=<us> wake_coalesce=<count> backpressure=<count> runtime_filter_installed=0 runtime_filter_no_wait=0
         MEMORY_PROFILE grant_bytes=<bytes> revoked_bytes=<bytes> revocable_bytes=<bytes> spill_bytes=<bytes> spill_latency_us=<us> yield_latency_us=<us> repartition_depth=0
  PASS  cases/graph/graph_index_cache.sql                          (0.41s)
  PASS  cases/graph/graph_multi_hop.sql                            (0.20s)
  PASS  cases/graph/graph_multihop_vectorized.sql                  (0.61s)
  PASS  cases/graph/graph_operator_state.sql                       (0.40s)
  PASS  cases/graph/graph_path_functions.sql                       (0.21s)
  PASS  cases/graph/graph_path_mode.sql                            (0.20s)
  PASS  cases/graph/graph_predicate_pushdown.sql                   (0.36s)
  PASS  cases/graph/graph_project_bulk_rowid.sql                   (0.36s)
  PASS  cases/graph/graph_query.sql                                (0.36s)
  PASS  cases/graph/graph_scan_parallel.sql                        (0.32s)
  PASS  cases/graph/graph_shortest_path.sql                        (1.10s)
  PASS  cases/graph/graph_start_selection.sql                      (0.40s)
  PASS  cases/graph/graph_string_keys.sql                          (0.17s)
  PASS  cases/graph/graph_system_tables.sql                        (0.39s)
  PASS  cases/graph/graph_target_filter.sql                        (0.40s)
  PASS  cases/graph/graph_threads_consistency.sql                  (0.44s)
  PASS  cases/graph/graph_workset_spill.sql                        (1.43s)
  PASS  cases/graph/refresh_property_graph.sql                     (0.25s)
  PASS  cases/python_udf/availability/binary_missing.sql           (2.85s)
  PASS  cases/python_udf/availability/degraded_recovery.sql        (1.60s)
  PASS  cases/python_udf/availability/disabled_by_config.sql       (1.54s)
  PASS  cases/python_udf/availability/misconfigured.sql            (1.71s)
  PASS  cases/python_udf/ddl/create_drop_python_function.sql       (0.01s)
  PASS  cases/python_udf/ddl/create_replace_if_exists.sql          (0.10s)
  PASS  cases/python_udf/ddl/permission_matrix.sql                 (1.10s)
  PASS  cases/python_udf/errors/python_failures.sql                (0.16s)
  FAIL  cases/python_udf/explain/runtime_bridge.sql                (0.06s)
        block 4 mismatch (line 25)
        SQL: EXPLAIN ANALYZE
        SELECT py_explain(v)
        FROM (VALUES (1), (2)) AS t(v)
        ORDER BY 1;
        detail: text mismatch
        diff:
        --- expected
        +++ actual
        @@ -1,9 +1,9 @@
         QUERY PLAN
         PIPELINE 0
        -  SOURCE #0 VALUES (actual time=<time-range> rows=2 loops=<loops>)
        -  TRANSFORM #1 PROJECTION (actual time=<time-range> rows=2 loops=<loops>)
        -  TRANSFORM #2 EXTERNAL_PROJECT (actual time=<time-range> rows=2 loops=<loops>)
        -  TRANSFORM #3 PROJECTION (actual time=<time-range> rows=2 loops=<loops>)
        +  SOURCE #0 VALUES (actual time=<time-range> rows=2 loops=<loops>) logical_node_id=16
        +  TRANSFORM #1 PROJECTION (actual time=<time-range> rows=2 loops=<loops>) logical_node_id=17
        +  TRANSFORM #2 EXTERNAL_PROJECT (actual time=<time-range> rows=2 loops=<loops>) logical_node_id=18
        +  TRANSFORM #3 PROJECTION (actual time=<time-range> rows=2 loops=<loops>) logical_node_id=19
           SINK #4 SORT_BUILD (actual time=<time-range> rows=2 loops=<loops> peak_memory_bytes=<bytes>)
         PIPELINE 1
           SOURCE #5 SORT_EMIT (actual time=<time-range> rows=2 loops=<loops>)
  PASS  cases/python_udf/lateral/correlated_execution.sql          (0.11s)
  PASS  cases/python_udf/lateral/correlated_explain.sql            (0.03s)
  PASS  cases/python_udf/scalar/arrow_capsule.sql                  (0.06s)
  PASS  cases/python_udf/scalar/fixed_width_fast_path.sql          (0.06s)
  PASS  cases/python_udf/scalar/imported_helper.sql                (0.06s)
  PASS  cases/python_udf/table/relation_expanding.sql              (0.06s)
  PASS  cases/python_udf/transaction/ddl_visibility.sql            (0.62s)
  PASS  cases/query/aggregate/agg_dimension_deferral.sql           (0.41s)
  PASS  cases/query/aggregate/agg_distinct.sql                     (0.52s)
  PASS  cases/query/aggregate/agg_edge_cases.sql                   (0.23s)
  PASS  cases/query/aggregate/agg_filter.sql                       (0.10s)
  PASS  cases/query/aggregate/agg_grouped.sql                      (0.10s)
  PASS  cases/query/aggregate/agg_grouping.sql                     (0.11s)
  PASS  cases/query/aggregate/agg_having.sql                       (0.12s)
  PASS  cases/query/aggregate/agg_input_materialization.sql        (0.15s)
  PASS  cases/query/aggregate/agg_join_subsumption.sql             (0.30s)
  PASS  cases/query/aggregate/agg_mixed.sql                        (0.21s)
  PASS  cases/query/aggregate/agg_orderby.sql                      (0.10s)
  PASS  cases/query/aggregate/agg_singleton_groups.sql             (0.57s)
  PASS  cases/query/aggregate/agg_ungrouped.sql                    (0.10s)
  PASS  cases/query/aggregate/select_aggregate.sql                 (3.14s)
  PASS  cases/query/aggregate/select_aggregate_basic.sql           (0.08s)
  FAIL  cases/query/aggregate/select_aggregate_spill.sql           (2.27s)
        block 9 mismatch (line 30)
        SQL: EXPLAIN ANALYZE
        SELECT k1, k2, SUM(v) AS sum_v
        FROM agg_phasee_spill
        GROUP BY k1, k2;
        detail: text mismatch
        diff:
        --- expected
        +++ actual
        @@ -1,6 +1,6 @@
         QUERY PLAN
         PIPELINE 0
        -  SOURCE #0 ROWSET_SCAN (actual time=<time-range> rows=200000 loops=<loops>)
        +  SOURCE #0 ROWSET_SCAN (actual time=<time-range> rows=200000 loops=<loops>) logical_node_id=14
           SINK #1 HASH_AGGREGATE_BUILD (actual time=<time-range> rows=200000 loops=<loops> spilled=true spilled_bytes=<bytes> aggregate_hash_full_key_fallback_count=<adaptive> aggregate_hash_max_prefix_probe_distance=<adaptive> repartition_depth=1)
         PIPELINE 1
           SOURCE #2 HASH_AGGREGATE_EMIT (actual time=<time-range> rows=200000 loops=<loops>)
        
        block 12 mismatch (line 64)
        SQL: EXPLAIN ANALYZE
        SELECT k1, k2, SUM(v) AS sum_v
        FROM agg_phasee_spill
        GROUP BY k1, k2;
        detail: text mismatch
        diff:
        --- expected
        +++ actual
        @@ -1,6 +1,6 @@
         QUERY PLAN
         PIPELINE 0
        -  SOURCE #0 ROWSET_SCAN (actual time=<time-range> rows=200000 loops=<loops>)
        +  SOURCE #0 ROWSET_SCAN (actual time=<time-range> rows=200000 loops=<loops>) logical_node_id=14
           SINK #1 HASH_AGGREGATE_BUILD (actual time=<time-range> rows=200000 loops=<loops> spilled=true spilled_bytes=<bytes> aggregate_hash_full_key_fallback_count=<adaptive> aggregate_hash_max_prefix_probe_distance=<adaptive> repartition_depth=1)
         PIPELINE 1
           SOURCE #2 HASH_AGGREGATE_EMIT (actual time=<time-range> rows=200000 loops=<loops>)
  PASS  cases/query/aggregate/select_aggregate_spill_lowmem.sql    (0.46s)
  PASS  cases/query/control_region_runtime.sql                     (0.16s)
  PASS  cases/query/cte/cte_basic.sql                              (0.06s)
  PASS  cases/query/cte/cte_definition_domains.sql                 (4.15s)
  FAIL  cases/query/cte/cte_explain.sql                            (0.07s)
        block 1 mismatch (line 1)
        SQL: EXPLAIN
        WITH base(id, grp, amount) AS MATERIALIZED (
            VALUES
                (1, 'east', 10),
                (2, 'east', 20),
                (3, 'west', 15),
                (4, 'west', 30),
                (5, 'north', 5)
        ),
        agg AS (
            SELECT grp, SUM(amount) AS total
            FROM base
            GROUP BY grp
        ),
        peers AS (
            SELECT l.id, r.id AS peer_id, l.grp
            FROM base AS l
            JOIN base AS r ON l.grp = r.grp AND l.id < r.id
        )
        SELECT p.id, p.peer_id, a.total
        FROM peers AS p
        JOIN agg AS a ON a.grp = p.grp
        ORDER BY p.id, p.peer_id;
        detail: text mismatch
        diff:
        --- expected
        +++ actual
        @@ -10,15 +10,7 @@
               Output: p.id, p.peer_id, a.total
               ->  HASH_JOIN  (rows=0)
                 Join Type: INNER
        -        Join Condition: a.grp = p.grp
        -        ->  PROJECTION  (rows=3)
        -          Output: grp, total
        -          ->  AGGREGATE  (rows=3)
        -            Group Key: base.grp
        -            Aggregates: sum(base.amount)
        -            ->  CTE_SCAN  (rows=5)
        -              CTE Index: 0
        -              Table Index: 25
        +        Join Condition: p.grp = a.grp
                 ->  PROJECTION  (rows=1)
                   Output: id, peer_id, grp
                   ->  FILTER  (rows=1)
        @@ -32,3 +24,11 @@
                       ->  CTE_SCAN  (rows=5)
                         CTE Index: 0
                         Table Index: 17
        +        ->  PROJECTION  (rows=3)
        +          Output: grp, total
        +          ->  AGGREGATE  (rows=3)
        +            Group Key: base.grp
        +            Aggregates: sum(base.amount)
        +            ->  CTE_SCAN  (rows=5)
        +              CTE Index: 0
        +              Table Index: 25
        
        block 2 mismatch (line 59)
        SQL: EXPLAIN ANALYZE
        WITH base(id, grp, amount) AS MATERIALIZED (
            VALUES
                (1, 'east', 10),
                (2, 'east', 20),
                (3, 'west', 15),
                (4, 'west', 30),
                (5, 'north', 5)
        ),
        agg AS (
            SELECT grp, SUM(amount) AS total
            FROM base
            GROUP BY grp
        ),
        peers AS (
            SELECT l.id, r.id AS peer_id, l.grp
            FROM base AS l
            JOIN base AS r ON l.grp = r.grp AND l.id < r.id
        )
        SELECT p.id, p.peer_id, a.total
        FROM peers AS p
        JOIN agg AS a ON a.grp = p.grp
        ORDER BY p.id, p.peer_id;
        detail: text mismatch
        diff:
        --- expected
        +++ actual
        @@ -1,37 +1,39 @@
         QUERY PLAN
         PIPELINE 0
        -  SOURCE #0 VALUES (actual time=<time-range> rows=5 loops=<loops>)
        +  SOURCE #0 VALUES (actual time=<time-range> rows=5 loops=<loops>) logical_node_id=114
           SINK #1 CTE_MATERIALIZE (actual time=<time-range> rows=5 loops=<loops>)
         PIPELINE 1
        -  SOURCE #2 CTE_SCAN (actual time=<time-range> rows=5 loops=<loops>)
        -  SINK #3 HASH_JOIN_BUILD (actual time=<time-range> rows=5 loops=<loops>)
        +  SOURCE #2 CTE_SCAN (actual time=<time-range> rows=5 loops=<loops>) logical_node_id=121
        +  SINK #3 HASH_AGGREGATE_BUILD (actual time=<time-range> rows=5 loops=<loops>)
         PIPELINE 2
        -  SOURCE #4 CTE_SCAN (actual time=<time-range> rows=5 loops=<loops>)
        -  TRANSFORM #5 HASH_JOIN_PROBE (actual time=<time-range> rows=9 loops=<loops>)
        -  TRANSFORM #6 FILTER (actual time=<time-range> rows=2 loops=<loops>)
        -  TRANSFORM #7 PROJECTION (actual time=<time-range> rows=2 loops=<loops>)
        -  SINK #8 HASH_JOIN_BUILD (actual time=<time-range> rows=2 loops=<loops>)
        +  SOURCE #4 HASH_AGGREGATE_EMIT (actual time=<time-range> rows=3 loops=<loops>)
        +  TRANSFORM #5 PROJECTION (actual time=<time-range> rows=3 loops=<loops>)
        +  SINK #6 HASH_JOIN_BUILD (actual time=<time-range> rows=3 loops=<loops>)
         PIPELINE 3
        -  SOURCE #9 HASH_JOIN_SPILL_REPLAY (actual time=<time-range> rows=0 loops=<loops>)
        -  TRANSFORM #10 FILTER (actual time=<time-range> rows=0 loops=<loops>)
        -  TRANSFORM #11 PROJECTION (actual time=<time-range> rows=0 loops=<loops>)
        -  SINK #12 HASH_JOIN_BUILD (actual time=<time-range> rows=0 loops=<loops>)
        +  SOURCE #7 CTE_SCAN (actual time=<time-range> rows=5 loops=<loops>) logical_node_id=116
        +  SINK #8 HASH_JOIN_BUILD (actual time=<time-range> rows=5 loops=<loops>)
         PIPELINE 4
        -  SOURCE #13 CTE_SCAN (actual time=<time-range> rows=5 loops=<loops>)
        -  SINK #14 HASH_AGGREGATE_BUILD (actual time=<time-range> rows=5 loops=<loops>)
        +  SOURCE #9 CTE_SCAN (actual time=<time-range> rows=5 loops=<loops>)
        +  TRANSFORM #10 HASH_JOIN_PROBE (actual time=<time-range> rows=9 loops=<loops>)
        +  TRANSFORM #11 FILTER (actual time=<time-range> rows=2 loops=<loops>)
        +  TRANSFORM #12 PROJECTION (actual time=<time-range> rows=2 loops=<loops>)
        +  TRANSFORM #13 HASH_JOIN_PROBE (actual time=<time-range> rows=2 loops=<loops>)
        +  TRANSFORM #14 PROJECTION (actual time=<time-range> rows=2 loops=<loops>)
        +  SINK #15 SORT_BUILD (actual time=<time-range> rows=2 loops=<loops> peak_memory_bytes=262148)
         PIPELINE 5
        -  SOURCE #15 HASH_AGGREGATE_EMIT (actual time=<time-range> rows=3 loops=<loops>)
        -  TRANSFORM #16 PROJECTION (actual time=<time-range> rows=3 loops=<loops>)
        -  TRANSFORM #17 HASH_JOIN_PROBE (actual time=<time-range> rows=2 loops=<loops>)
        -  TRANSFORM #18 PROJECTION (actual time=<time-range> rows=2 loops=<loops>)
        -  SINK #19 SORT_BUILD (actual time=<time-range> rows=2 loops=<loops> peak_memory_bytes=262148)
        +  SOURCE #16 HASH_JOIN_SPILL_REPLAY (actual time=<time-range> rows=0 loops=<loops>)
        +  TRANSFORM #17 FILTER (actual time=<time-range> rows=0 loops=<loops>)
        +  TRANSFORM #18 PROJECTION (actual time=<time-range> rows=0 loops=<loops>)
        +  TRANSFORM #19 HASH_JOIN_PROBE (actual time=<time-range> rows=0 loops=<loops>)
        +  TRANSFORM #20 PROJECTION (actual time=<time-range> rows=0 loops=<loops>)
        +  SINK #21 SORT_BUILD (actual time=<time-range> rows=0 loops=<loops>)
         PIPELINE 6
        -  SOURCE #20 HASH_JOIN_SPILL_REPLAY (actual time=<time-range> rows=0 loops=<loops>)
        -  TRANSFORM #21 PROJECTION (actual time=<time-range> rows=0 loops=<loops>)
        -  SINK #22 SORT_BUILD (actual time=<time-range> rows=0 loops=<loops>)
        +  SOURCE #22 HASH_JOIN_SPILL_REPLAY (actual time=<time-range> rows=0 loops=<loops>)
        +  TRANSFORM #23 PROJECTION (actual time=<time-range> rows=0 loops=<loops>)
        +  SINK #24 SORT_BUILD (actual time=<time-range> rows=0 loops=<loops>)
         PIPELINE 7
        -  SOURCE #23 SORT_EMIT (actual time=<time-range> rows=2 loops=<loops>)
        -  SINK #24 CLIENT_RESULT (actual time=<time-range> rows=2 loops=<loops>)
        +  SOURCE #25 SORT_EMIT (actual time=<time-range> rows=2 loops=<loops>)
        +  SINK #26 CLIENT_RESULT (actual time=<time-range> rows=2 loops=<loops>)
         PROFILE schema_version=1 query_id=<id> events=<events> parallelism=<threads> workers=<workers> worker_utilization=<ratio> ready_time_us=<us> wait_time_us=<us> wake_coalesce=<count> backpressure=<count> runtime_filter_installed=0 runtime_filter_no_wait=0
         MEMORY_PROFILE grant_bytes=<bytes> revoked_bytes=<bytes> revocable_bytes=<bytes> spill_bytes=<bytes> spill_latency_us=<us> yield_latency_us=<us> repartition_depth=0
         Execution Time: <time-ms>
        
        block 4 mismatch (line 148)
        SQL: EXPLAIN ANALYZE
        WITH RECURSIVE
        edges(src, dst) AS (
            VALUES (1, 2), (1, 3), (2, 4), (3, 5), (5, 6)
        ),
        walk(node, depth) AS (
            VALUES (1, 0)
            UNION ALL
            SELECT e.dst, w.depth + 1
            FROM walk AS w
            JOIN edges AS e ON e.src = w.node
            WHERE w.depth < 2
        )
        SELECT node, depth FROM walk ORDER BY depth, node;
        detail: text mismatch
        diff:
        --- expected
        +++ actual
        @@ -1,10 +1,10 @@
         QUERY PLAN
         PIPELINE 0
        -  SOURCE #0 VALUES (actual time=<time-range> rows=1 loops=<loops>)
        +  SOURCE #0 VALUES (actual time=<time-range> rows=1 loops=<loops>) logical_node_id=40
           SINK #1 RECURSIVE_TABLE_APPEND (actual time=<time-range> rows=1 loops=<loops>)
         PIPELINE 1
        -  SOURCE #2 VALUES (actual time=<time-range> rows=5 loops=<loops>)
        -  TRANSFORM #3 PROJECTION (actual time=<time-range> rows=5 loops=<loops>)
        +  SOURCE #2 VALUES (actual time=<time-range> rows=5 loops=<loops>) logical_node_id=43
        +  TRANSFORM #3 PROJECTION (actual time=<time-range> rows=5 loops=<loops>) logical_node_id=44
           SINK #4 HASH_JOIN_BUILD (actual time=<time-range> rows=5 loops=<loops>)
         PIPELINE 2
           SOURCE #5 RECURSIVE_TABLE_SCAN (actual time=<time-range> rows=5 loops=<loops>)
  PASS  cases/query/cte/cte_materialized.sql                       (0.03s)
  PASS  cases/query/cte/cte_optimizer.sql                          (0.04s)
  PASS  cases/query/cte/cte_parallel.sql                           (0.15s)
  PASS  cases/query/cte/cte_partitioned_materialization.sql        (8.34s)
  PASS  cases/query/cte/cte_recursive.sql                          (0.03s)
  PASS  cases/query/cte/cte_recursive_spill.sql                    (0.50s)
  PASS  cases/query/cte/cte_typed_runtime.sql                      (0.02s)
  FAIL  cases/query/explain/explain_analyze.sql                    (0.19s)
        block 1 mismatch (line 1)
        SQL: EXPLAIN ANALYZE SELECT 1;
        detail: text mismatch
        diff:
        --- expected
        +++ actual
        @@ -1,7 +1,7 @@
         QUERY PLAN
         PIPELINE 0
        -  SOURCE #0 DUMMY_SCAN (actual time=<time-range> rows=1 loops=<loops>)
        -  TRANSFORM #1 PROJECTION (actual time=<time-range> rows=1 loops=<loops>)
        +  SOURCE #0 DUMMY_SCAN (actual time=<time-range> rows=1 loops=<loops>) logical_node_id=7
        +  TRANSFORM #1 PROJECTION (actual time=<time-range> rows=1 loops=<loops>) logical_node_id=8
           SINK #2 CLIENT_RESULT (actual time=<time-range> rows=1 loops=<loops>)
         PROFILE schema_version=1 query_id=<id> events=<events> parallelism=<threads> workers=<workers> worker_utilization=<ratio> ready_time_us=<us> wait_time_us=<us> wake_coalesce=<count> backpressure=<count> runtime_filter_installed=0 runtime_filter_no_wait=0
         MEMORY_PROFILE grant_bytes=<bytes> revoked_bytes=<bytes> revocable_bytes=<bytes> spill_bytes=<bytes> spill_latency_us=<us> yield_latency_us=<us> repartition_depth=0
        
        block 5 mismatch (line 22)
        SQL: EXPLAIN ANALYZE
        SELECT id
        FROM explain_analyze_rt
        WHERE score >= 20
        ORDER BY score DESC;
        detail: text mismatch
        diff:
        --- expected
        +++ actual
        @@ -1,7 +1,7 @@
         QUERY PLAN
         PIPELINE 0
        -  SOURCE #0 ROWSET_SCAN (actual time=<time-range> rows=2 loops=<loops>)
        -  TRANSFORM #1 PROJECTION (actual time=<time-range> rows=2 loops=<loops>)
        +  SOURCE #0 ROWSET_SCAN (actual time=<time-range> rows=2 loops=<loops>) logical_node_id=24
        +  TRANSFORM #1 PROJECTION (actual time=<time-range> rows=2 loops=<loops>) logical_node_id=25
           SINK #2 SORT_BUILD (actual time=<time-range> rows=2 loops=<loops> peak_memory_bytes=262145)
         PIPELINE 1
           SOURCE #3 SORT_EMIT (actual time=<time-range> rows=2 loops=<loops>)
        
        block 6 mismatch (line 0)
        SQL: EXPLAIN ANALYZE
        SELECT id
        FROM explain_analyze_rt
        WHERE score >= 20
        ORDER BY score DESC
        FORMAT JSON;
        detail: json mismatch at row 1, col 1
        diff:
        --- expected
        +++ actual
        @@ -1 +1 @@
        -{
          "format_version": 2,
          "mode": "analyze",
          "operators": [
            {
              "actual": {
                "loops": 2,
                "rows": 2,
                "startup_time_ms": 0.0,
                "total_time_ms": 0.0
              },
              "operator": "ROWSET_SCAN",
              "pipeline": 0,
              "role": "source",
              "runtime_id": 0
            },
            {
              "actual": {
                "loops": 1,
                "rows": 2,
                "startup_time_ms": 0.0,
                "total_time_ms": 0.0
              },
              "operator": "PROJECTION",
              "pipeline": 0,
              "role": "transform",
              "runtime_id": 1
            },
            {
              "actual": {
                "loops": 1,
                "peak_memory_bytes": 262145,
                "rows": 2,
                "startup_time_ms": 0.0,
                "total_time_ms": 0.0
              },
              "operator": "SORT_BUILD",
              "pipeline": 0,
              "role": "sink",
              "runtime_id": 2
            },
            {
              "actual": {
                "loops": 2,
                "rows": 2,
                "startup_time_ms": 0.0,
                "total_time_ms": 0.0
              },
              "operator": "SORT_EMIT",
              "pipeline": 1,
              "role": "source",
              "runtime_id": 3
            },
            {
              "actual": {
                "loops": 1,
                "rows": 2,
                "startup_time_ms": 0.0,
                "total_time_ms": 0.0
              },
              "operator": "PROJECTION",
              "pipeline": 1,
              "role": "transform",
              "runtime_id": 4
            },
            {
              "actual": {
                "loops": 1,
                "rows": 2,
                "startup_time_ms": 0.0,
                "total_time_ms": 0.0
              },
              "operator": "CLIENT_RESULT",
              "pipeline": 1,
              "role": "sink",
              "runtime_id": 5
            }
          ],
          "profile": {
            "memory": {
              "grant_bytes": 0,
              "repartition_depth": 0,
              "revocable_bytes": 0,
              "revoked_bytes": 0,
              "spill_bytes": 0,
              "spill_latency_us": 0,
              "yield_latency_us": 0
            },
            "parallelism": {
              "backpressure_count": 0,
              "max_threads": 0,
              "observed_workers": 0,
              "operator_time_ms": 0.0,
              "ready_time_us": 0,
              "wait_time_us": 0,
              "wake_coalesce_count": 0,
              "wake_count": 0,
              "worker_utilization": 0.0
            },
            "runtime_filters": {
              "installed_count": 0,
              "no_wait_fallback_count": 0
            }
          },
          "profile_events": [
            {
              "bytes": 0,
              "memory_class": null,
              "morsel_range": null,
              "operator_id": 0,
              "phase": "operator",
              "pipeline_id": 0,
              "query_id": 0,
              "rows": 2,
              "thread_id": 0,
              "time": {
                "duration_ms": 0.0,
                "end_ms": 0.0,
                "start_ms": 0.0
              },
              "total_threads": 0,
              "wait_reason": null,
              "work_unit_id": 0
            },
            {
              "bytes": 0,
              "memory_class": null,
              "morsel_range": null,
              "operator_id": 0,
              "phase": "operator",
              "pipeline_id": 0,
              "query_id": 0,
              "rows": 0,
              "thread_id": 0,
              "time": {
                "duration_ms": 0.0,
                "end_ms": 0.0,
                "start_ms": 0.0
              },
              "total_threads": 0,
              "wait_reason": null,
              "work_unit_id": 0
            },
            {
              "bytes": 0,
              "memory_class": null,
              "morsel_range": null,
              "operator_id": 1,
              "phase": "operator",
              "pipeline_id": 0,
              "query_id": 0,
              "rows": 2,
              "thread_id": 0,
              "time": {
                "duration_ms": 0.0,
                "end_ms": 0.0,
                "start_ms": 0.0
              },
              "total_threads": 0,
              "wait_reason": null,
              "work_unit_id": 0
            },
            {
              "bytes": 0,
              "memory_class": null,
              "morsel_range": {
                "end": 1,
                "kind": "finish_task",
                "start": 0
              },
              "operator_id": 2,
              "phase": "breaker_finish_task",
              "pipeline_id": 0,
              "query_id": 0,
              "rows": 0,
              "thread_id": 0,
              "time": {
                "duration_ms": 0.0,
                "end_ms": 0.0,
                "start_ms": 0.0
              },
              "total_threads": 0,
              "wait_reason": null,
              "work_unit_id": 0
            },
            {
              "bytes": 0,
              "memory_class": null,
              "morsel_range": null,
              "operator_id": 2,
              "phase": "breaker_finish",
              "pipeline_id": 0,
              "query_id": 0,
              "rows": 0,
              "thread_id": 0,
              "time": {
                "duration_ms": 0.0,
                "end_ms": 0.0,
                "start_ms": 0.0
              },
              "total_threads": 0,
              "wait_reason": null,
              "work_unit_id": 0
            },
            {
              "bytes": 0,
              "memory_class": null,
              "morsel_range": null,
              "operator_id": 2,
              "phase": "breaker_finish_group",
              "pipeline_id": 0,
              "query_id": 0,
              "rows": 0,
              "thread_id": 0,
              "time": {
                "duration_ms": 0.0,
                "end_ms": 0.0,
                "start_ms": 0.0
              },
              "total_threads": 0,
              "wait_reason": null,
              "work_unit_id": 0
            },
            {
              "bytes": 0,
              "memory_class": null,
              "morsel_range": null,
              "operator_id": 2,
              "phase": "breaker_finish_work",
              "pipeline_id": 0,
              "query_id": 0,
              "rows": 0,
              "thread_id": 0,
              "time": {
                "duration_ms": 0.0,
                "end_ms": 0.0,
                "start_ms": 0.0
              },
              "total_threads": 0,
              "wait_reason": null,
              "work_unit_id": 0
            },
            {
              "bytes": 0,
              "memory_class": null,
              "morsel_range": null,
              "operator_id": 2,
              "phase": "breaker_prepare_finish",
              "pipeline_id": 0,
              "query_id": 0,
              "rows": 0,
              "thread_id": 0,
              "time": {
                "duration_ms": 0.0,
                "end_ms": 0.0,
                "start_ms": 0.0
              },
              "total_threads": 0,
              "wait_reason": null,
              "work_unit_id": 0
            },
            {
              "bytes": 0,
              "memory_class": null,
              "morsel_range": null,
              "operator_id": 2,
              "phase": "operator",
              "pipeline_id": 0,
              "query_id": 0,
              "rows": 2,
              "thread_id": 0,
              "time": {
                "duration_ms": 0.0,
                "end_ms": 0.0,
                "start_ms": 0.0
              },
              "total_threads": 0,
              "wait_reason": null,
              "work_unit_id": 0
            },
            {
              "bytes": 0,
              "memory_class": null,
              "morsel_range": null,
              "operator_id": 3,
              "phase": "operator",
              "pipeline_id": 1,
              "query_id": 0,
              "rows": 2,
              "thread_id": 0,
              "time": {
                "duration_ms": 0.0,
                "end_ms": 0.0,
                "start_ms": 0.0
              },
              "total_threads": 0,
              "wait_reason": null,
              "work_unit_id": 1
            },
            {
              "bytes": 0,
              "memory_class": null,
              "morsel_range": null,
              "operator_id": 3,
              "phase": "operator",
              "pipeline_id": 1,
              "query_id": 0,
              "rows": 0,
              "thread_id": 0,
              "time": {
                "duration_ms": 0.0,
                "end_ms": 0.0,
                "start_ms": 0.0
              },
              "total_threads": 0,
              "wait_reason": null,
              "work_unit_id": 1
            },
            {
              "bytes": 0,
              "memory_class": null,
              "morsel_range": null,
              "operator_id": 4,
              "phase": "operator",
              "pipeline_id": 1,
              "query_id": 0,
              "rows": 2,
              "thread_id": 0,
              "time": {
                "duration_ms": 0.0,
                "end_ms": 0.0,
                "start_ms": 0.0
              },
              "total_threads": 0,
              "wait_reason": null,
              "work_unit_id": 1
            },
            {
              "bytes": 0,
              "memory_class": null,
              "morsel_range": null,
              "operator_id": 5,
              "phase": "breaker_finish",
              "pipeline_id": 1,
              "query_id": 0,
              "rows": 0,
              "thread_id": 0,
              "time": {
                "duration_ms": 0.0,
                "end_ms": 0.0,
                "start_ms": 0.0
              },
              "total_threads": 0,
              "wait_reason": null,
              "work_unit_id": 1
            },
            {
              "bytes": 0,
              "memory_class": null,
              "morsel_range": null,
              "operator_id": 5,
              "phase": "breaker_finish_work",
              "pipeline_id": 1,
              "query_id": 0,
              "rows": 0,
              "thread_id": 0,
              "time": {
                "duration_ms": 0.0,
                "end_ms": 0.0,
                "start_ms": 0.0
              },
              "total_threads": 0,
              "wait_reason": null,
              "work_unit_id": 1
            },
            {
              "bytes": 0,
              "memory_class": null,
              "morsel_range": null,
              "operator_id": 5,
              "phase": "breaker_prepare_finish",
              "pipeline_id": 1,
              "query_id": 0,
              "rows": 0,
              "thread_id": 0,
              "time": {
                "duration_ms": 0.0,
                "end_ms": 0.0,
                "start_ms": 0.0
              },
              "total_threads": 0,
              "wait_reason": null,
              "work_unit_id": 1
            },
            {
              "bytes": 0,
              "memory_class": null,
              "morsel_range": null,
              "operator_id": 5,
              "phase": "operator",
              "pipeline_id": 1,
              "query_id": 0,
              "rows": 2,
              "thread_id": 0,
              "time": {
                "duration_ms": 0.0,
                "end_ms": 0.0,
                "start_ms": 0.0
              },
              "total_threads": 0,
              "wait_reason": null,
              "work_unit_id": 1
            }
          ],
          "profile_schema": [
            "query_id",
            "pipeline_id",
            "work_unit_id",
            "operator_id",
            "thread_id",
            "morsel_range",
            "phase",
            "rows",
            "bytes",
            "time",
            "wait_reason",
            "memory_class"
          ],
          "profile_schema_version": 1,
          "query_id": 0,
          "summary": {
            "Execution Time": "<time-ms>",
            "Rows Returned": 2
          }
        }
        +{
          "format_version": 2,
          "mode": "analyze",
          "operators": [
            {
              "actual": {
                "loops": 2,
                "rows": 2,
                "startup_time_ms": 0.0,
                "total_time_ms": 0.0
              },
              "logical_node_id": 24,
              "operator": "ROWSET_SCAN",
              "pipeline": 0,
              "role": "source",
              "runtime_id": 0
            },
            {
              "actual": {
                "loops": 1,
                "rows": 2,
                "startup_time_ms": 0.0,
                "total_time_ms": 0.0
              },
              "logical_node_id": 25,
              "operator": "PROJECTION",
              "pipeline": 0,
              "role": "transform",
              "runtime_id": 1
            },
            {
              "actual": {
                "loops": 1,
                "peak_memory_bytes": 262145,
                "rows": 2,
                "startup_time_ms": 0.0,
                "total_time_ms": 0.0
              },
              "logical_node_id": null,
              "operator": "SORT_BUILD",
              "pipeline": 0,
              "role": "sink",
              "runtime_id": 2
            },
            {
              "actual": {
                "loops": 2,
                "rows": 2,
                "startup_time_ms": 0.0,
                "total_time_ms": 0.0
              },
              "logical_node_id": null,
              "operator": "SORT_EMIT",
              "pipeline": 1,
              "role": "source",
              "runtime_id": 3
            },
            {
              "actual": {
                "loops": 1,
                "rows": 2,
                "startup_time_ms": 0.0,
                "total_time_ms": 0.0
              },
              "logical_node_id": null,
              "operator": "PROJECTION",
              "pipeline": 1,
              "role": "transform",
              "runtime_id": 4
            },
            {
              "actual": {
                "loops": 1,
                "rows": 2,
                "startup_time_ms": 0.0,
                "total_time_ms": 0.0
              },
              "logical_node_id": null,
              "operator": "CLIENT_RESULT",
              "pipeline": 1,
              "role": "sink",
              "runtime_id": 5
            }
          ],
          "profile": {
            "memory": {
              "grant_bytes": 0,
              "repartition_depth": 0,
              "revocable_bytes": 0,
              "revoked_bytes": 0,
              "spill_bytes": 0,
              "spill_latency_us": 0,
              "yield_latency_us": 0
            },
            "parallelism": {
              "backpressure_count": 0,
              "max_threads": 0,
              "observed_workers": 0,
              "operator_time_ms": 0.0,
              "ready_time_us": 0,
              "wait_time_us": 0,
              "wake_coalesce_count": 0,
              "wake_count": 0,
              "worker_utilization": 0.0
            },
            "runtime_filters": {
              "installed_count": 0,
              "no_wait_fallback_count": 0
            }
          },
          "profile_events": [
            {
              "bytes": 0,
              "memory_class": null,
              "morsel_range": null,
              "operator_id": 0,
              "phase": "operator",
              "pipeline_id": 0,
              "query_id": 0,
              "rows": 2,
              "thread_id": 0,
              "time": {
                "duration_ms": 0.0,
                "end_ms": 0.0,
                "start_ms": 0.0
              },
              "total_threads": 0,
              "wait_reason": null,
              "work_unit_id": 0
            },
            {
              "bytes": 0,
              "memory_class": null,
              "morsel_range": null,
              "operator_id": 0,
              "phase": "operator",
              "pipeline_id": 0,
              "query_id": 0,
              "rows": 0,
              "thread_id": 0,
              "time": {
                "duration_ms": 0.0,
                "end_ms": 0.0,
                "start_ms": 0.0
              },
              "total_threads": 0,
              "wait_reason": null,
              "work_unit_id": 0
            },
            {
              "bytes": 0,
              "memory_class": null,
              "morsel_range": null,
              "operator_id": 1,
              "phase": "operator",
              "pipeline_id": 0,
              "query_id": 0,
              "rows": 2,
              "thread_id": 0,
              "time": {
                "duration_ms": 0.0,
                "end_ms": 0.0,
                "start_ms": 0.0
              },
              "total_threads": 0,
              "wait_reason": null,
              "work_unit_id": 0
            },
            {
              "bytes": 0,
              "memory_class": null,
              "morsel_range": {
                "end": 1,
                "kind": "finish_task",
                "start": 0
              },
              "operator_id": 2,
              "phase": "breaker_finish_task",
              "pipeline_id": 0,
              "query_id": 0,
              "rows": 0,
              "thread_id": 0,
              "time": {
                "duration_ms": 0.0,
                "end_ms": 0.0,
                "start_ms": 0.0
              },
              "total_threads": 0,
              "wait_reason": null,
              "work_unit_id": 0
            },
            {
              "bytes": 0,
              "memory_class": null,
              "morsel_range": null,
              "operator_id": 2,
              "phase": "breaker_finish",
              "pipeline_id": 0,
              "query_id": 0,
              "rows": 0,
              "thread_id": 0,
              "time": {
                "duration_ms": 0.0,
                "end_ms": 0.0,
                "start_ms": 0.0
              },
              "total_threads": 0,
              "wait_reason": null,
              "work_unit_id": 0
            },
            {
              "bytes": 0,
              "memory_class": null,
              "morsel_range": null,
              "operator_id": 2,
              "phase": "breaker_finish_group",
              "pipeline_id": 0,
              "query_id": 0,
              "rows": 0,
              "thread_id": 0,
              "time": {
                "duration_ms": 0.0,
                "end_ms": 0.0,
                "start_ms": 0.0
              },
              "total_threads": 0,
              "wait_reason": null,
              "work_unit_id": 0
            },
            {
              "bytes": 0,
              "memory_class": null,
              "morsel_range": null,
              "operator_id": 2,
              "phase": "breaker_finish_work",
              "pipeline_id": 0,
              "query_id": 0,
              "rows": 0,
              "thread_id": 0,
              "time": {
                "duration_ms": 0.0,
                "end_ms": 0.0,
                "start_ms": 0.0
              },
              "total_threads": 0,
              "wait_reason": null,
              "work_unit_id": 0
            },
            {
              "bytes": 0,
              "memory_class": null,
              "morsel_range": null,
              "operator_id": 2,
              "phase": "breaker_prepare_finish",
              "pipeline_id": 0,
              "query_id": 0,
              "rows": 0,
              "thread_id": 0,
              "time": {
                "duration_ms": 0.0,
                "end_ms": 0.0,
                "start_ms": 0.0
              },
              "total_threads": 0,
              "wait_reason": null,
              "work_unit_id": 0
            },
            {
              "bytes": 0,
              "memory_class": null,
              "morsel_range": null,
              "operator_id": 2,
              "phase": "operator",
              "pipeline_id": 0,
              "query_id": 0,
              "rows": 2,
              "thread_id": 0,
              "time": {
                "duration_ms": 0.0,
                "end_ms": 0.0,
                "start_ms": 0.0
              },
              "total_threads": 0,
              "wait_reason": null,
              "work_unit_id": 0
            },
            {
              "bytes": 0,
              "memory_class": null,
              "morsel_range": null,
              "operator_id": 3,
              "phase": "operator",
              "pipeline_id": 1,
              "query_id": 0,
              "rows": 2,
              "thread_id": 0,
              "time": {
                "duration_ms": 0.0,
                "end_ms": 0.0,
                "start_ms": 0.0
              },
              "total_threads": 0,
              "wait_reason": null,
              "work_unit_id": 1
            },
            {
              "bytes": 0,
              "memory_class": null,
              "morsel_range": null,
              "operator_id": 3,
              "phase": "operator",
              "pipeline_id": 1,
              "query_id": 0,
              "rows": 0,
              "thread_id": 0,
              "time": {
                "duration_ms": 0.0,
                "end_ms": 0.0,
                "start_ms": 0.0
              },
              "total_threads": 0,
              "wait_reason": null,
              "work_unit_id": 1
            },
            {
              "bytes": 0,
              "memory_class": null,
              "morsel_range": null,
              "operator_id": 4,
              "phase": "operator",
              "pipeline_id": 1,
              "query_id": 0,
              "rows": 2,
              "thread_id": 0,
              "time": {
                "duration_ms": 0.0,
                "end_ms": 0.0,
                "start_ms": 0.0
              },
              "total_threads": 0,
              "wait_reason": null,
              "work_unit_id": 1
            },
            {
              "bytes": 0,
              "memory_class": null,
              "morsel_range": null,
              "operator_id": 5,
              "phase": "breaker_finish",
              "pipeline_id": 1,
              "query_id": 0,
              "rows": 0,
              "thread_id": 0,
              "time": {
                "duration_ms": 0.0,
                "end_ms": 0.0,
                "start_ms": 0.0
              },
              "total_threads": 0,
              "wait_reason": null,
              "work_unit_id": 1
            },
            {
              "bytes": 0,
              "memory_class": null,
              "morsel_range": null,
              "operator_id": 5,
              "phase": "breaker_finish_work",
              "pipeline_id": 1,
              "query_id": 0,
              "rows": 0,
              "thread_id": 0,
              "time": {
                "duration_ms": 0.0,
                "end_ms": 0.0,
                "start_ms": 0.0
              },
              "total_threads": 0,
              "wait_reason": null,
              "work_unit_id": 1
            },
            {
              "bytes": 0,
              "memory_class": null,
              "morsel_range": null,
              "operator_id": 5,
              "phase": "breaker_prepare_finish",
              "pipeline_id": 1,
              "query_id": 0,
              "rows": 0,
              "thread_id": 0,
              "time": {
                "duration_ms": 0.0,
                "end_ms": 0.0,
                "start_ms": 0.0
              },
              "total_threads": 0,
              "wait_reason": null,
              "work_unit_id": 1
            },
            {
              "bytes": 0,
              "memory_class": null,
              "morsel_range": null,
              "operator_id": 5,
              "phase": "operator",
              "pipeline_id": 1,
              "query_id": 0,
              "rows": 2,
              "thread_id": 0,
              "time": {
                "duration_ms": 0.0,
                "end_ms": 0.0,
                "start_ms": 0.0
              },
              "total_threads": 0,
              "wait_reason": null,
              "work_unit_id": 1
            }
          ],
          "profile_schema": [
            "query_id",
            "pipeline_id",
            "work_unit_id",
            "operator_id",
            "logical_node_id",
            "thread_id",
            "morsel_range",
            "phase",
            "rows",
            "bytes",
            "time",
            "wait_reason",
            "memory_class"
          ],
          "profile_schema_version": 1,
          "query_id": 0,
          "summary": {
            "Execution Time": "<time-ms>",
            "Rows Returned": 2
          }
        }
        
        block 11 mismatch (line 67)
        SQL: EXPLAIN ANALYZE
        SELECT id
        FROM explain_analyze_topn_rt
        ORDER BY score DESC
        LIMIT 3;
        detail: text mismatch
        diff:
        --- expected
        +++ actual
        @@ -1,7 +1,7 @@
         QUERY PLAN
         PIPELINE 0
        -  SOURCE #0 ROWSET_SCAN (actual time=<time-range> rows=7000 loops=<loops>)
        -  TRANSFORM #1 PROJECTION (actual time=<time-range> rows=7000 loops=<loops>)
        +  SOURCE #0 ROWSET_SCAN (actual time=<time-range> rows=7000 loops=<loops>) logical_node_id=36
        +  TRANSFORM #1 PROJECTION (actual time=<time-range> rows=7000 loops=<loops>) logical_node_id=37
           SINK #2 TOP_N_BUILD (actual time=<time-range> rows=7000 loops=<loops>)
         PIPELINE 1
           SOURCE #3 TOP_N_EMIT (actual time=<time-range> rows=3 loops=<loops>)
        
        block 14 mismatch (line 93)
        SQL: EXPLAIN ANALYZE
        SELECT id
        FROM explain_analyze_topn_rt
        ORDER BY score DESC
        LIMIT 3;
        detail: text mismatch
        diff:
        --- expected
        +++ actual
        @@ -1,7 +1,7 @@
         QUERY PLAN
         PIPELINE 0
        -  SOURCE #0 ROWSET_SCAN (actual time=<time-range> rows=<rows> loops=<loops>)
        -  TRANSFORM #1 PROJECTION (actual time=<time-range> rows=<rows> loops=<loops>)
        +  SOURCE #0 ROWSET_SCAN (actual time=<time-range> rows=<rows> loops=<loops>) logical_node_id=36
        +  TRANSFORM #1 PROJECTION (actual time=<time-range> rows=<rows> loops=<loops>) logical_node_id=37
           SINK #2 TOP_N_BUILD (actual time=<time-range> rows=<rows> loops=<loops>)
         PIPELINE 1
           SOURCE #3 TOP_N_EMIT (actual time=<time-range> rows=<rows> loops=<loops>)
  PASS  cases/query/explain/explain_basic.sql                      (0.41s)
  PASS  cases/query/explain/explain_cardinality.sql                (0.10s)
  PASS  cases/query/hybrid/hybrid_retrieval.sql                    (0.45s)
  PASS  cases/query/index_art_scan.sql                             (0.14s)
  PASS  cases/query/index_art_types.sql                            (0.15s)
  PASS  cases/query/join/join_elimination.sql                      (0.44s)
  FAIL  cases/query/join/join_explain_advanced.sql                 (0.74s)
        block 6 mismatch (line 60)
        SQL: EXPLAIN ANALYZE
        SELECT l.id, r.id
        FROM join_explain_piecewise_l AS l
        JOIN join_explain_piecewise_r AS r ON l.id < r.id;
        detail: text mismatch
        diff:
        --- expected
        +++ actual
        @@ -1,6 +1,6 @@
         QUERY PLAN
         PIPELINE 0
        -  SOURCE #0 ROWSET_SCAN (actual time=<time-range> rows=3 loops=<loops>)
        +  SOURCE #0 ROWSET_SCAN (actual time=<time-range> rows=3 loops=<loops>) logical_node_id=31
           SINK #1 MATERIALIZE (actual time=<time-range> rows=3 loops=<loops>)
         PIPELINE 1
           SOURCE #2 ROWSET_SCAN (actual time=<time-range> rows=3 loops=<loops>)
        
        block 7 mismatch (line 0)
        SQL: EXPLAIN ANALYZE
        SELECT l.id, r.id
        FROM join_explain_piecewise_l AS l
        JOIN join_explain_piecewise_r AS r ON l.id < r.id
        FORMAT JSON;
        detail: json mismatch at row 1, col 1
        diff:
        --- expected
        +++ actual
        @@ -1 +1 @@
        -{
          "format_version": 2,
          "mode": "analyze",
          "operators": [
            {
              "actual": {
                "loops": 2,
                "rows": 3,
                "startup_time_ms": 0.0,
                "total_time_ms": 0.0
              },
              "operator": "ROWSET_SCAN",
              "pipeline": 0,
              "role": "source",
              "runtime_id": 0
            },
            {
              "actual": {
                "loops": 1,
                "rows": 3,
                "startup_time_ms": 0.0,
                "total_time_ms": 0.0
              },
              "operator": "MATERIALIZE",
              "pipeline": 0,
              "role": "sink",
              "runtime_id": 1
            },
            {
              "actual": {
                "loops": 2,
                "rows": 3,
                "startup_time_ms": 0.0,
                "total_time_ms": 0.0
              },
              "operator": "ROWSET_SCAN",
              "pipeline": 1,
              "role": "source",
              "runtime_id": 2
            },
            {
              "actual": {
                "loops": 1,
                "rows": 6,
                "startup_time_ms": 0.0,
                "total_time_ms": 0.0
              },
              "operator": "NESTED_LOOP_JOIN_PROBE",
              "pipeline": 1,
              "role": "transform",
              "runtime_id": 3
            },
            {
              "actual": {
                "loops": 1,
                "rows": 6,
                "startup_time_ms": 0.0,
                "total_time_ms": 0.0
              },
              "operator": "PROJECTION",
              "pipeline": 1,
              "role": "transform",
              "runtime_id": 4
            },
            {
              "actual": {
                "loops": 1,
                "rows": 6,
                "startup_time_ms": 0.0,
                "total_time_ms": 0.0
              },
              "operator": "CLIENT_RESULT",
              "pipeline": 1,
              "role": "sink",
              "runtime_id": 5
            }
          ],
          "profile": {
            "memory": {
              "grant_bytes": 0,
              "repartition_depth": 0,
              "revocable_bytes": 0,
              "revoked_bytes": 0,
              "spill_bytes": 0,
              "spill_latency_us": 0,
              "yield_latency_us": 0
            },
            "parallelism": {
              "backpressure_count": 0,
              "max_threads": 0,
              "observed_workers": 0,
              "operator_time_ms": 0.0,
              "ready_time_us": 0,
              "wait_time_us": 0,
              "wake_coalesce_count": 0,
              "wake_count": 0,
              "worker_utilization": 0.0
            },
            "runtime_filters": {
              "installed_count": 0,
              "no_wait_fallback_count": 0
            }
          },
          "profile_events": [
            {
              "bytes": 0,
              "memory_class": null,
              "morsel_range": null,
              "operator_id": 0,
              "phase": "operator",
              "pipeline_id": 0,
              "query_id": 0,
              "rows": 3,
              "thread_id": 0,
              "time": {
                "duration_ms": 0.0,
                "end_ms": 0.0,
                "start_ms": 0.0
              },
              "total_threads": 0,
              "wait_reason": null,
              "work_unit_id": 0
            },
            {
              "bytes": 0,
              "memory_class": null,
              "morsel_range": null,
              "operator_id": 0,
              "phase": "operator",
              "pipeline_id": 0,
              "query_id": 0,
              "rows": 0,
              "thread_id": 0,
              "time": {
                "duration_ms": 0.0,
                "end_ms": 0.0,
                "start_ms": 0.0
              },
              "total_threads": 0,
              "wait_reason": null,
              "work_unit_id": 0
            },
            {
              "bytes": 0,
              "memory_class": null,
              "morsel_range": null,
              "operator_id": 1,
              "phase": "breaker_finish",
              "pipeline_id": 0,
              "query_id": 0,
              "rows": 0,
              "thread_id": 0,
              "time": {
                "duration_ms": 0.0,
                "end_ms": 0.0,
                "start_ms": 0.0
              },
              "total_threads": 0,
              "wait_reason": null,
              "work_unit_id": 0
            },
            {
              "bytes": 0,
              "memory_class": null,
              "morsel_range": null,
              "operator_id": 1,
              "phase": "breaker_finish_work",
              "pipeline_id": 0,
              "query_id": 0,
              "rows": 0,
              "thread_id": 0,
              "time": {
                "duration_ms": 0.0,
                "end_ms": 0.0,
                "start_ms": 0.0
              },
              "total_threads": 0,
              "wait_reason": null,
              "work_unit_id": 0
            },
            {
              "bytes": 0,
              "memory_class": null,
              "morsel_range": null,
              "operator_id": 1,
              "phase": "breaker_prepare_finish",
              "pipeline_id": 0,
              "query_id": 0,
              "rows": 0,
              "thread_id": 0,
              "time": {
                "duration_ms": 0.0,
                "end_ms": 0.0,
                "start_ms": 0.0
              },
              "total_threads": 0,
              "wait_reason": null,
              "work_unit_id": 0
            },
            {
              "bytes": 0,
              "memory_class": null,
              "morsel_range": null,
              "operator_id": 1,
              "phase": "operator",
              "pipeline_id": 0,
              "query_id": 0,
              "rows": 3,
              "thread_id": 0,
              "time": {
                "duration_ms": 0.0,
                "end_ms": 0.0,
                "start_ms": 0.0
              },
              "total_threads": 0,
              "wait_reason": null,
              "work_unit_id": 0
            },
            {
              "bytes": 0,
              "memory_class": null,
              "morsel_range": null,
              "operator_id": 2,
              "phase": "operator",
              "pipeline_id": 1,
              "query_id": 0,
              "rows": 3,
              "thread_id": 0,
              "time": {
                "duration_ms": 0.0,
                "end_ms": 0.0,
                "start_ms": 0.0
              },
              "total_threads": 0,
              "wait_reason": null,
              "work_unit_id": 1
            },
            {
              "bytes": 0,
              "memory_class": null,
              "morsel_range": null,
              "operator_id": 2,
              "phase": "operator",
              "pipeline_id": 1,
              "query_id": 0,
              "rows": 0,
              "thread_id": 0,
              "time": {
                "duration_ms": 0.0,
                "end_ms": 0.0,
                "start_ms": 0.0
              },
              "total_threads": 0,
              "wait_reason": null,
              "work_unit_id": 1
            },
            {
              "bytes": 0,
              "memory_class": null,
              "morsel_range": null,
              "operator_id": 3,
              "phase": "operator",
              "pipeline_id": 1,
              "query_id": 0,
              "rows": 6,
              "thread_id": 0,
              "time": {
                "duration_ms": 0.0,
                "end_ms": 0.0,
                "start_ms": 0.0
              },
              "total_threads": 0,
              "wait_reason": null,
              "work_unit_id": 1
            },
            {
              "bytes": 0,
              "memory_class": null,
              "morsel_range": null,
              "operator_id": 4,
              "phase": "operator",
              "pipeline_id": 1,
              "query_id": 0,
              "rows": 6,
              "thread_id": 0,
              "time": {
                "duration_ms": 0.0,
                "end_ms": 0.0,
                "start_ms": 0.0
              },
              "total_threads": 0,
              "wait_reason": null,
              "work_unit_id": 1
            },
            {
              "bytes": 0,
              "memory_class": null,
              "morsel_range": null,
              "operator_id": 5,
              "phase": "breaker_finish",
              "pipeline_id": 1,
              "query_id": 0,
              "rows": 0,
              "thread_id": 0,
              "time": {
                "duration_ms": 0.0,
                "end_ms": 0.0,
                "start_ms": 0.0
              },
              "total_threads": 0,
              "wait_reason": null,
              "work_unit_id": 1
            },
            {
              "bytes": 0,
              "memory_class": null,
              "morsel_range": null,
              "operator_id": 5,
              "phase": "breaker_finish_work",
              "pipeline_id": 1,
              "query_id": 0,
              "rows": 0,
              "thread_id": 0,
              "time": {
                "duration_ms": 0.0,
                "end_ms": 0.0,
                "start_ms": 0.0
              },
              "total_threads": 0,
              "wait_reason": null,
              "work_unit_id": 1
            },
            {
              "bytes": 0,
              "memory_class": null,
              "morsel_range": null,
              "operator_id": 5,
              "phase": "breaker_prepare_finish",
              "pipeline_id": 1,
              "query_id": 0,
              "rows": 0,
              "thread_id": 0,
              "time": {
                "duration_ms": 0.0,
                "end_ms": 0.0,
                "start_ms": 0.0
              },
              "total_threads": 0,
              "wait_reason": null,
              "work_unit_id": 1
            },
            {
              "bytes": 0,
              "memory_class": null,
              "morsel_range": null,
              "operator_id": 5,
              "phase": "operator",
              "pipeline_id": 1,
              "query_id": 0,
              "rows": 6,
              "thread_id": 0,
              "time": {
                "duration_ms": 0.0,
                "end_ms": 0.0,
                "start_ms": 0.0
              },
              "total_threads": 0,
              "wait_reason": null,
              "work_unit_id": 1
            }
          ],
          "profile_schema": [
            "query_id",
            "pipeline_id",
            "work_unit_id",
            "operator_id",
            "thread_id",
            "morsel_range",
            "phase",
            "rows",
            "bytes",
            "time",
            "wait_reason",
            "memory_class"
          ],
          "profile_schema_version": 1,
          "query_id": 0,
          "summary": {
            "Execution Time": "<time-ms>",
            "Rows Returned": 6
          }
        }
        +{
          "format_version": 2,
          "mode": "analyze",
          "operators": [
            {
              "actual": {
                "loops": 2,
                "rows": 3,
                "startup_time_ms": 0.0,
                "total_time_ms": 0.0
              },
              "logical_node_id": 31,
              "operator": "ROWSET_SCAN",
              "pipeline": 0,
              "role": "source",
              "runtime_id": 0
            },
            {
              "actual": {
                "loops": 1,
                "rows": 3,
                "startup_time_ms": 0.0,
                "total_time_ms": 0.0
              },
              "logical_node_id": null,
              "operator": "MATERIALIZE",
              "pipeline": 0,
              "role": "sink",
              "runtime_id": 1
            },
            {
              "actual": {
                "loops": 2,
                "rows": 3,
                "startup_time_ms": 0.0,
                "total_time_ms": 0.0
              },
              "logical_node_id": null,
              "operator": "ROWSET_SCAN",
              "pipeline": 1,
              "role": "source",
              "runtime_id": 2
            },
            {
              "actual": {
                "loops": 1,
                "rows": 6,
                "startup_time_ms": 0.0,
                "total_time_ms": 0.0
              },
              "logical_node_id": null,
              "operator": "NESTED_LOOP_JOIN_PROBE",
              "pipeline": 1,
              "role": "transform",
              "runtime_id": 3
            },
            {
              "actual": {
                "loops": 1,
                "rows": 6,
                "startup_time_ms": 0.0,
                "total_time_ms": 0.0
              },
              "logical_node_id": null,
              "operator": "PROJECTION",
              "pipeline": 1,
              "role": "transform",
              "runtime_id": 4
            },
            {
              "actual": {
                "loops": 1,
                "rows": 6,
                "startup_time_ms": 0.0,
                "total_time_ms": 0.0
              },
              "logical_node_id": null,
              "operator": "CLIENT_RESULT",
              "pipeline": 1,
              "role": "sink",
              "runtime_id": 5
            }
          ],
          "profile": {
            "memory": {
              "grant_bytes": 0,
              "repartition_depth": 0,
              "revocable_bytes": 0,
              "revoked_bytes": 0,
              "spill_bytes": 0,
              "spill_latency_us": 0,
              "yield_latency_us": 0
            },
            "parallelism": {
              "backpressure_count": 0,
              "max_threads": 0,
              "observed_workers": 0,
              "operator_time_ms": 0.0,
              "ready_time_us": 0,
              "wait_time_us": 0,
              "wake_coalesce_count": 0,
              "wake_count": 0,
              "worker_utilization": 0.0
            },
            "runtime_filters": {
              "installed_count": 0,
              "no_wait_fallback_count": 0
            }
          },
          "profile_events": [
            {
              "bytes": 0,
              "memory_class": null,
              "morsel_range": null,
              "operator_id": 0,
              "phase": "operator",
              "pipeline_id": 0,
              "query_id": 0,
              "rows": 3,
              "thread_id": 0,
              "time": {
                "duration_ms": 0.0,
                "end_ms": 0.0,
                "start_ms": 0.0
              },
              "total_threads": 0,
              "wait_reason": null,
              "work_unit_id": 0
            },
            {
              "bytes": 0,
              "memory_class": null,
              "morsel_range": null,
              "operator_id": 0,
              "phase": "operator",
              "pipeline_id": 0,
              "query_id": 0,
              "rows": 0,
              "thread_id": 0,
              "time": {
                "duration_ms": 0.0,
                "end_ms": 0.0,
                "start_ms": 0.0
              },
              "total_threads": 0,
              "wait_reason": null,
              "work_unit_id": 0
            },
            {
              "bytes": 0,
              "memory_class": null,
              "morsel_range": null,
              "operator_id": 1,
              "phase": "breaker_finish",
              "pipeline_id": 0,
              "query_id": 0,
              "rows": 0,
              "thread_id": 0,
              "time": {
                "duration_ms": 0.0,
                "end_ms": 0.0,
                "start_ms": 0.0
              },
              "total_threads": 0,
              "wait_reason": null,
              "work_unit_id": 0
            },
            {
              "bytes": 0,
              "memory_class": null,
              "morsel_range": null,
              "operator_id": 1,
              "phase": "breaker_finish_work",
              "pipeline_id": 0,
              "query_id": 0,
              "rows": 0,
              "thread_id": 0,
              "time": {
                "duration_ms": 0.0,
                "end_ms": 0.0,
                "start_ms": 0.0
              },
              "total_threads": 0,
              "wait_reason": null,
              "work_unit_id": 0
            },
            {
              "bytes": 0,
              "memory_class": null,
              "morsel_range": null,
              "operator_id": 1,
              "phase": "breaker_prepare_finish",
              "pipeline_id": 0,
              "query_id": 0,
              "rows": 0,
              "thread_id": 0,
              "time": {
                "duration_ms": 0.0,
                "end_ms": 0.0,
                "start_ms": 0.0
              },
              "total_threads": 0,
              "wait_reason": null,
              "work_unit_id": 0
            },
            {
              "bytes": 0,
              "memory_class": null,
              "morsel_range": null,
              "operator_id": 1,
              "phase": "operator",
              "pipeline_id": 0,
              "query_id": 0,
              "rows": 3,
              "thread_id": 0,
              "time": {
                "duration_ms": 0.0,
                "end_ms": 0.0,
                "start_ms": 0.0
              },
              "total_threads": 0,
              "wait_reason": null,
              "work_unit_id": 0
            },
            {
              "bytes": 0,
              "memory_class": null,
              "morsel_range": null,
              "operator_id": 2,
              "phase": "operator",
              "pipeline_id": 1,
              "query_id": 0,
              "rows": 3,
              "thread_id": 0,
              "time": {
                "duration_ms": 0.0,
                "end_ms": 0.0,
                "start_ms": 0.0
              },
              "total_threads": 0,
              "wait_reason": null,
              "work_unit_id": 1
            },
            {
              "bytes": 0,
              "memory_class": null,
              "morsel_range": null,
              "operator_id": 2,
              "phase": "operator",
              "pipeline_id": 1,
              "query_id": 0,
              "rows": 0,
              "thread_id": 0,
              "time": {
                "duration_ms": 0.0,
                "end_ms": 0.0,
                "start_ms": 0.0
              },
              "total_threads": 0,
              "wait_reason": null,
              "work_unit_id": 1
            },
            {
              "bytes": 0,
              "memory_class": null,
              "morsel_range": null,
              "operator_id": 3,
              "phase": "operator",
              "pipeline_id": 1,
              "query_id": 0,
              "rows": 6,
              "thread_id": 0,
              "time": {
                "duration_ms": 0.0,
                "end_ms": 0.0,
                "start_ms": 0.0
              },
              "total_threads": 0,
              "wait_reason": null,
              "work_unit_id": 1
            },
            {
              "bytes": 0,
              "memory_class": null,
              "morsel_range": null,
              "operator_id": 4,
              "phase": "operator",
              "pipeline_id": 1,
              "query_id": 0,
              "rows": 6,
              "thread_id": 0,
              "time": {
                "duration_ms": 0.0,
                "end_ms": 0.0,
                "start_ms": 0.0
              },
              "total_threads": 0,
              "wait_reason": null,
              "work_unit_id": 1
            },
            {
              "bytes": 0,
              "memory_class": null,
              "morsel_range": null,
              "operator_id": 5,
              "phase": "breaker_finish",
              "pipeline_id": 1,
              "query_id": 0,
              "rows": 0,
              "thread_id": 0,
              "time": {
                "duration_ms": 0.0,
                "end_ms": 0.0,
                "start_ms": 0.0
              },
              "total_threads": 0,
              "wait_reason": null,
              "work_unit_id": 1
            },
            {
              "bytes": 0,
              "memory_class": null,
              "morsel_range": null,
              "operator_id": 5,
              "phase": "breaker_finish_work",
              "pipeline_id": 1,
              "query_id": 0,
              "rows": 0,
              "thread_id": 0,
              "time": {
                "duration_ms": 0.0,
                "end_ms": 0.0,
                "start_ms": 0.0
              },
              "total_threads": 0,
              "wait_reason": null,
              "work_unit_id": 1
            },
            {
              "bytes": 0,
              "memory_class": null,
              "morsel_range": null,
              "operator_id": 5,
              "phase": "breaker_prepare_finish",
              "pipeline_id": 1,
              "query_id": 0,
              "rows": 0,
              "thread_id": 0,
              "time": {
                "duration_ms": 0.0,
                "end_ms": 0.0,
                "start_ms": 0.0
              },
              "total_threads": 0,
              "wait_reason": null,
              "work_unit_id": 1
            },
            {
              "bytes": 0,
              "memory_class": null,
              "morsel_range": null,
              "operator_id": 5,
              "phase": "operator",
              "pipeline_id": 1,
              "query_id": 0,
              "rows": 6,
              "thread_id": 0,
              "time": {
                "duration_ms": 0.0,
                "end_ms": 0.0,
                "start_ms": 0.0
              },
              "total_threads": 0,
              "wait_reason": null,
              "work_unit_id": 1
            }
          ],
          "profile_schema": [
            "query_id",
            "pipeline_id",
            "work_unit_id",
            "operator_id",
            "logical_node_id",
            "thread_id",
            "morsel_range",
            "phase",
            "rows",
            "bytes",
            "time",
            "wait_reason",
            "memory_class"
          ],
          "profile_schema_version": 1,
          "query_id": 0,
          "summary": {
            "Execution Time": "<time-ms>",
            "Rows Returned": 6
          }
        }
        
        block 13 mismatch (line 148)
        SQL: EXPLAIN ANALYZE
        SELECT l.x, r.lo, r.hi
        FROM join_explain_sort_range_l AS l
        LEFT JOIN join_explain_sort_range_r AS r ON l.x BETWEEN r.lo AND r.hi;
        detail: text mismatch
        diff:
        --- expected
        +++ actual
        @@ -1,6 +1,6 @@
         QUERY PLAN
         PIPELINE 0
        -  SOURCE #0 ROWSET_SCAN (actual time=<time-range> rows=4 loops=<loops>)
        +  SOURCE #0 ROWSET_SCAN (actual time=<time-range> rows=4 loops=<loops>) logical_node_id=24
           SINK #1 MATERIALIZE (actual time=<time-range> rows=4 loops=<loops>)
         PIPELINE 1
           SOURCE #2 ROWSET_SCAN (actual time=<time-range> rows=3 loops=<loops>)
        
        block 14 mismatch (line 0)
        SQL: EXPLAIN ANALYZE
        SELECT l.x, r.lo, r.hi
        FROM join_explain_sort_range_l AS l
        LEFT JOIN join_explain_sort_range_r AS r ON l.x BETWEEN r.lo AND r.hi
        FORMAT JSON;
        detail: json mismatch at row 1, col 1
        diff:
        --- expected
        +++ actual
        @@ -1 +1 @@
        -{
          "format_version": 2,
          "mode": "analyze",
          "operators": [
            {
              "actual": {
                "loops": 2,
                "rows": 4,
                "startup_time_ms": 0.0,
                "total_time_ms": 0.0
              },
              "operator": "ROWSET_SCAN",
              "pipeline": 0,
              "role": "source",
              "runtime_id": 0
            },
            {
              "actual": {
                "loops": 1,
                "rows": 4,
                "startup_time_ms": 0.0,
                "total_time_ms": 0.0
              },
              "operator": "MATERIALIZE",
              "pipeline": 0,
              "role": "sink",
              "runtime_id": 1
            },
            {
              "actual": {
                "loops": 2,
                "rows": 3,
                "startup_time_ms": 0.0,
                "total_time_ms": 0.0
              },
              "operator": "ROWSET_SCAN",
              "pipeline": 1,
              "role": "source",
              "runtime_id": 2
            },
            {
              "actual": {
                "loops": 1,
                "rows": 3,
                "startup_time_ms": 0.0,
                "total_time_ms": 0.0
              },
              "operator": "NESTED_LOOP_JOIN_PROBE",
              "pipeline": 1,
              "role": "transform",
              "runtime_id": 3
            },
            {
              "actual": {
                "loops": 1,
                "rows": 3,
                "startup_time_ms": 0.0,
                "total_time_ms": 0.0
              },
              "operator": "PROJECTION",
              "pipeline": 1,
              "role": "transform",
              "runtime_id": 4
            },
            {
              "actual": {
                "loops": 1,
                "rows": 3,
                "startup_time_ms": 0.0,
                "total_time_ms": 0.0
              },
              "operator": "CLIENT_RESULT",
              "pipeline": 1,
              "role": "sink",
              "runtime_id": 5
            }
          ],
          "profile": {
            "memory": {
              "grant_bytes": 0,
              "repartition_depth": 0,
              "revocable_bytes": 0,
              "revoked_bytes": 0,
              "spill_bytes": 0,
              "spill_latency_us": 0,
              "yield_latency_us": 0
            },
            "parallelism": {
              "backpressure_count": 0,
              "max_threads": 0,
              "observed_workers": 0,
              "operator_time_ms": 0.0,
              "ready_time_us": 0,
              "wait_time_us": 0,
              "wake_coalesce_count": 0,
              "wake_count": 0,
              "worker_utilization": 0.0
            },
            "runtime_filters": {
              "installed_count": 0,
              "no_wait_fallback_count": 0
            }
          },
          "profile_events": [
            {
              "bytes": 0,
              "memory_class": null,
              "morsel_range": null,
              "operator_id": 0,
              "phase": "operator",
              "pipeline_id": 0,
              "query_id": 0,
              "rows": 4,
              "thread_id": 0,
              "time": {
                "duration_ms": 0.0,
                "end_ms": 0.0,
                "start_ms": 0.0
              },
              "total_threads": 0,
              "wait_reason": null,
              "work_unit_id": 0
            },
            {
              "bytes": 0,
              "memory_class": null,
              "morsel_range": null,
              "operator_id": 0,
              "phase": "operator",
              "pipeline_id": 0,
              "query_id": 0,
              "rows": 0,
              "thread_id": 0,
              "time": {
                "duration_ms": 0.0,
                "end_ms": 0.0,
                "start_ms": 0.0
              },
              "total_threads": 0,
              "wait_reason": null,
              "work_unit_id": 0
            },
            {
              "bytes": 0,
              "memory_class": null,
              "morsel_range": null,
              "operator_id": 1,
              "phase": "breaker_finish",
              "pipeline_id": 0,
              "query_id": 0,
              "rows": 0,
              "thread_id": 0,
              "time": {
                "duration_ms": 0.0,
                "end_ms": 0.0,
                "start_ms": 0.0
              },
              "total_threads": 0,
              "wait_reason": null,
              "work_unit_id": 0
            },
            {
              "bytes": 0,
              "memory_class": null,
              "morsel_range": null,
              "operator_id": 1,
              "phase": "breaker_finish_work",
              "pipeline_id": 0,
              "query_id": 0,
              "rows": 0,
              "thread_id": 0,
              "time": {
                "duration_ms": 0.0,
                "end_ms": 0.0,
                "start_ms": 0.0
              },
              "total_threads": 0,
              "wait_reason": null,
              "work_unit_id": 0
            },
            {
              "bytes": 0,
              "memory_class": null,
              "morsel_range": null,
              "operator_id": 1,
              "phase": "breaker_prepare_finish",
              "pipeline_id": 0,
              "query_id": 0,
              "rows": 0,
              "thread_id": 0,
              "time": {
                "duration_ms": 0.0,
                "end_ms": 0.0,
                "start_ms": 0.0
              },
              "total_threads": 0,
              "wait_reason": null,
              "work_unit_id": 0
            },
            {
              "bytes": 0,
              "memory_class": null,
              "morsel_range": null,
              "operator_id": 1,
              "phase": "operator",
              "pipeline_id": 0,
              "query_id": 0,
              "rows": 4,
              "thread_id": 0,
              "time": {
                "duration_ms": 0.0,
                "end_ms": 0.0,
                "start_ms": 0.0
              },
              "total_threads": 0,
              "wait_reason": null,
              "work_unit_id": 0
            },
            {
              "bytes": 0,
              "memory_class": null,
              "morsel_range": null,
              "operator_id": 2,
              "phase": "operator",
              "pipeline_id": 1,
              "query_id": 0,
              "rows": 3,
              "thread_id": 0,
              "time": {
                "duration_ms": 0.0,
                "end_ms": 0.0,
                "start_ms": 0.0
              },
              "total_threads": 0,
              "wait_reason": null,
              "work_unit_id": 1
            },
            {
              "bytes": 0,
              "memory_class": null,
              "morsel_range": null,
              "operator_id": 2,
              "phase": "operator",
              "pipeline_id": 1,
              "query_id": 0,
              "rows": 0,
              "thread_id": 0,
              "time": {
                "duration_ms": 0.0,
                "end_ms": 0.0,
                "start_ms": 0.0
              },
              "total_threads": 0,
              "wait_reason": null,
              "work_unit_id": 1
            },
            {
              "bytes": 0,
              "memory_class": null,
              "morsel_range": null,
              "operator_id": 3,
              "phase": "operator",
              "pipeline_id": 1,
              "query_id": 0,
              "rows": 3,
              "thread_id": 0,
              "time": {
                "duration_ms": 0.0,
                "end_ms": 0.0,
                "start_ms": 0.0
              },
              "total_threads": 0,
              "wait_reason": null,
              "work_unit_id": 1
            },
            {
              "bytes": 0,
              "memory_class": null,
              "morsel_range": null,
              "operator_id": 4,
              "phase": "operator",
              "pipeline_id": 1,
              "query_id": 0,
              "rows": 3,
              "thread_id": 0,
              "time": {
                "duration_ms": 0.0,
                "end_ms": 0.0,
                "start_ms": 0.0
              },
              "total_threads": 0,
              "wait_reason": null,
              "work_unit_id": 1
            },
            {
              "bytes": 0,
              "memory_class": null,
              "morsel_range": null,
              "operator_id": 5,
              "phase": "breaker_finish",
              "pipeline_id": 1,
              "query_id": 0,
              "rows": 0,
              "thread_id": 0,
              "time": {
                "duration_ms": 0.0,
                "end_ms": 0.0,
                "start_ms": 0.0
              },
              "total_threads": 0,
              "wait_reason": null,
              "work_unit_id": 1
            },
            {
              "bytes": 0,
              "memory_class": null,
              "morsel_range": null,
              "operator_id": 5,
              "phase": "breaker_finish_work",
              "pipeline_id": 1,
              "query_id": 0,
              "rows": 0,
              "thread_id": 0,
              "time": {
                "duration_ms": 0.0,
                "end_ms": 0.0,
                "start_ms": 0.0
              },
              "total_threads": 0,
              "wait_reason": null,
              "work_unit_id": 1
            },
            {
              "bytes": 0,
              "memory_class": null,
              "morsel_range": null,
              "operator_id": 5,
              "phase": "breaker_prepare_finish",
              "pipeline_id": 1,
              "query_id": 0,
              "rows": 0,
              "thread_id": 0,
              "time": {
                "duration_ms": 0.0,
                "end_ms": 0.0,
                "start_ms": 0.0
              },
              "total_threads": 0,
              "wait_reason": null,
              "work_unit_id": 1
            },
            {
              "bytes": 0,
              "memory_class": null,
              "morsel_range": null,
              "operator_id": 5,
              "phase": "operator",
              "pipeline_id": 1,
              "query_id": 0,
              "rows": 3,
              "thread_id": 0,
              "time": {
                "duration_ms": 0.0,
                "end_ms": 0.0,
                "start_ms": 0.0
              },
              "total_threads": 0,
              "wait_reason": null,
              "work_unit_id": 1
            }
          ],
          "profile_schema": [
            "query_id",
            "pipeline_id",
            "work_unit_id",
            "operator_id",
            "thread_id",
            "morsel_range",
            "phase",
            "rows",
            "bytes",
            "time",
            "wait_reason",
            "memory_class"
          ],
          "profile_schema_version": 1,
          "query_id": 0,
          "summary": {
            "Execution Time": "<time-ms>",
            "Rows Returned": 3
          }
        }
        +{
          "format_version": 2,
          "mode": "analyze",
          "operators": [
            {
              "actual": {
                "loops": 2,
                "rows": 4,
                "startup_time_ms": 0.0,
                "total_time_ms": 0.0
              },
              "logical_node_id": 24,
              "operator": "ROWSET_SCAN",
              "pipeline": 0,
              "role": "source",
              "runtime_id": 0
            },
            {
              "actual": {
                "loops": 1,
                "rows": 4,
                "startup_time_ms": 0.0,
                "total_time_ms": 0.0
              },
              "logical_node_id": null,
              "operator": "MATERIALIZE",
              "pipeline": 0,
              "role": "sink",
              "runtime_id": 1
            },
            {
              "actual": {
                "loops": 2,
                "rows": 3,
                "startup_time_ms": 0.0,
                "total_time_ms": 0.0
              },
              "logical_node_id": null,
              "operator": "ROWSET_SCAN",
              "pipeline": 1,
              "role": "source",
              "runtime_id": 2
            },
            {
              "actual": {
                "loops": 1,
                "rows": 3,
                "startup_time_ms": 0.0,
                "total_time_ms": 0.0
              },
              "logical_node_id": null,
              "operator": "NESTED_LOOP_JOIN_PROBE",
              "pipeline": 1,
              "role": "transform",
              "runtime_id": 3
            },
            {
              "actual": {
                "loops": 1,
                "rows": 3,
                "startup_time_ms": 0.0,
                "total_time_ms": 0.0
              },
              "logical_node_id": null,
              "operator": "PROJECTION",
              "pipeline": 1,
              "role": "transform",
              "runtime_id": 4
            },
            {
              "actual": {
                "loops": 1,
                "rows": 3,
                "startup_time_ms": 0.0,
                "total_time_ms": 0.0
              },
              "logical_node_id": null,
              "operator": "CLIENT_RESULT",
              "pipeline": 1,
              "role": "sink",
              "runtime_id": 5
            }
          ],
          "profile": {
            "memory": {
              "grant_bytes": 0,
              "repartition_depth": 0,
              "revocable_bytes": 0,
              "revoked_bytes": 0,
              "spill_bytes": 0,
              "spill_latency_us": 0,
              "yield_latency_us": 0
            },
            "parallelism": {
              "backpressure_count": 0,
              "max_threads": 0,
              "observed_workers": 0,
              "operator_time_ms": 0.0,
              "ready_time_us": 0,
              "wait_time_us": 0,
              "wake_coalesce_count": 0,
              "wake_count": 0,
              "worker_utilization": 0.0
            },
            "runtime_filters": {
              "installed_count": 0,
              "no_wait_fallback_count": 0
            }
          },
          "profile_events": [
            {
              "bytes": 0,
              "memory_class": null,
              "morsel_range": null,
              "operator_id": 0,
              "phase": "operator",
              "pipeline_id": 0,
              "query_id": 0,
              "rows": 4,
              "thread_id": 0,
              "time": {
                "duration_ms": 0.0,
                "end_ms": 0.0,
                "start_ms": 0.0
              },
              "total_threads": 0,
              "wait_reason": null,
              "work_unit_id": 0
            },
            {
              "bytes": 0,
              "memory_class": null,
              "morsel_range": null,
              "operator_id": 0,
              "phase": "operator",
              "pipeline_id": 0,
              "query_id": 0,
              "rows": 0,
              "thread_id": 0,
              "time": {
                "duration_ms": 0.0,
                "end_ms": 0.0,
                "start_ms": 0.0
              },
              "total_threads": 0,
              "wait_reason": null,
              "work_unit_id": 0
            },
            {
              "bytes": 0,
              "memory_class": null,
              "morsel_range": null,
              "operator_id": 1,
              "phase": "breaker_finish",
              "pipeline_id": 0,
              "query_id": 0,
              "rows": 0,
              "thread_id": 0,
              "time": {
                "duration_ms": 0.0,
                "end_ms": 0.0,
                "start_ms": 0.0
              },
              "total_threads": 0,
              "wait_reason": null,
              "work_unit_id": 0
            },
            {
              "bytes": 0,
              "memory_class": null,
              "morsel_range": null,
              "operator_id": 1,
              "phase": "breaker_finish_work",
              "pipeline_id": 0,
              "query_id": 0,
              "rows": 0,
              "thread_id": 0,
              "time": {
                "duration_ms": 0.0,
                "end_ms": 0.0,
                "start_ms": 0.0
              },
              "total_threads": 0,
              "wait_reason": null,
              "work_unit_id": 0
            },
            {
              "bytes": 0,
              "memory_class": null,
              "morsel_range": null,
              "operator_id": 1,
              "phase": "breaker_prepare_finish",
              "pipeline_id": 0,
              "query_id": 0,
              "rows": 0,
              "thread_id": 0,
              "time": {
                "duration_ms": 0.0,
                "end_ms": 0.0,
                "start_ms": 0.0
              },
              "total_threads": 0,
              "wait_reason": null,
              "work_unit_id": 0
            },
            {
              "bytes": 0,
              "memory_class": null,
              "morsel_range": null,
              "operator_id": 1,
              "phase": "operator",
              "pipeline_id": 0,
              "query_id": 0,
              "rows": 4,
              "thread_id": 0,
              "time": {
                "duration_ms": 0.0,
                "end_ms": 0.0,
                "start_ms": 0.0
              },
              "total_threads": 0,
              "wait_reason": null,
              "work_unit_id": 0
            },
            {
              "bytes": 0,
              "memory_class": null,
              "morsel_range": null,
              "operator_id": 2,
              "phase": "operator",
              "pipeline_id": 1,
              "query_id": 0,
              "rows": 3,
              "thread_id": 0,
              "time": {
                "duration_ms": 0.0,
                "end_ms": 0.0,
                "start_ms": 0.0
              },
              "total_threads": 0,
              "wait_reason": null,
              "work_unit_id": 1
            },
            {
              "bytes": 0,
              "memory_class": null,
              "morsel_range": null,
              "operator_id": 2,
              "phase": "operator",
              "pipeline_id": 1,
              "query_id": 0,
              "rows": 0,
              "thread_id": 0,
              "time": {
                "duration_ms": 0.0,
                "end_ms": 0.0,
                "start_ms": 0.0
              },
              "total_threads": 0,
              "wait_reason": null,
              "work_unit_id": 1
            },
            {
              "bytes": 0,
              "memory_class": null,
              "morsel_range": null,
              "operator_id": 3,
              "phase": "operator",
              "pipeline_id": 1,
              "query_id": 0,
              "rows": 3,
              "thread_id": 0,
              "time": {
                "duration_ms": 0.0,
                "end_ms": 0.0,
                "start_ms": 0.0
              },
              "total_threads": 0,
              "wait_reason": null,
              "work_unit_id": 1
            },
            {
              "bytes": 0,
              "memory_class": null,
              "morsel_range": null,
              "operator_id": 4,
              "phase": "operator",
              "pipeline_id": 1,
              "query_id": 0,
              "rows": 3,
              "thread_id": 0,
              "time": {
                "duration_ms": 0.0,
                "end_ms": 0.0,
                "start_ms": 0.0
              },
              "total_threads": 0,
              "wait_reason": null,
              "work_unit_id": 1
            },
            {
              "bytes": 0,
              "memory_class": null,
              "morsel_range": null,
              "operator_id": 5,
              "phase": "breaker_finish",
              "pipeline_id": 1,
              "query_id": 0,
              "rows": 0,
              "thread_id": 0,
              "time": {
                "duration_ms": 0.0,
                "end_ms": 0.0,
                "start_ms": 0.0
              },
              "total_threads": 0,
              "wait_reason": null,
              "work_unit_id": 1
            },
            {
              "bytes": 0,
              "memory_class": null,
              "morsel_range": null,
              "operator_id": 5,
              "phase": "breaker_finish_work",
              "pipeline_id": 1,
              "query_id": 0,
              "rows": 0,
              "thread_id": 0,
              "time": {
                "duration_ms": 0.0,
                "end_ms": 0.0,
                "start_ms": 0.0
              },
              "total_threads": 0,
              "wait_reason": null,
              "work_unit_id": 1
            },
            {
              "bytes": 0,
              "memory_class": null,
              "morsel_range": null,
              "operator_id": 5,
              "phase": "breaker_prepare_finish",
              "pipeline_id": 1,
              "query_id": 0,
              "rows": 0,
              "thread_id": 0,
              "time": {
                "duration_ms": 0.0,
                "end_ms": 0.0,
                "start_ms": 0.0
              },
              "total_threads": 0,
              "wait_reason": null,
              "work_unit_id": 1
            },
            {
              "bytes": 0,
              "memory_class": null,
              "morsel_range": null,
              "operator_id": 5,
              "phase": "operator",
              "pipeline_id": 1,
              "query_id": 0,
              "rows": 3,
              "thread_id": 0,
              "time": {
                "duration_ms": 0.0,
                "end_ms": 0.0,
                "start_ms": 0.0
              },
              "total_threads": 0,
              "wait_reason": null,
              "work_unit_id": 1
            }
          ],
          "profile_schema": [
            "query_id",
            "pipeline_id",
            "work_unit_id",
            "operator_id",
            "logical_node_id",
            "thread_id",
            "morsel_range",
            "phase",
            "rows",
            "bytes",
            "time",
            "wait_reason",
            "memory_class"
          ],
          "profile_schema_version": 1,
          "query_id": 0,
          "summary": {
            "Execution Time": "<time-ms>",
            "Rows Returned": 3
          }
        }
        
        block 18 mismatch (line 216)
        SQL: EXPLAIN ANALYZE
        SELECT l.k, r.payload
        FROM join_explain_hash_l AS l
        LEFT JOIN join_explain_hash_r AS r ON l.k = r.k;
        detail: text mismatch
        diff:
        --- expected
        +++ actual
        @@ -1,6 +1,6 @@
         QUERY PLAN
         PIPELINE 0
        -  SOURCE #0 ROWSET_SCAN (actual time=<time-range> rows=2 loops=<loops>)
        +  SOURCE #0 ROWSET_SCAN (actual time=<time-range> rows=2 loops=<loops>) logical_node_id=24
           SINK #1 HASH_JOIN_BUILD (actual time=<time-range> rows=2 loops=<loops>)
         PIPELINE 1
           SOURCE #2 ROWSET_SCAN (actual time=<time-range> rows=5 loops=<loops>)
        
        block 19 mismatch (line 0)
        SQL: EXPLAIN ANALYZE
        SELECT l.k, r.payload
        FROM join_explain_hash_l AS l
        LEFT JOIN join_explain_hash_r AS r ON l.k = r.k
        FORMAT JSON;
        detail: json mismatch at row 1, col 1
        diff:
        --- expected
        +++ actual
        @@ -1 +1 @@
        -{
          "format_version": 2,
          "mode": "analyze",
          "operators": [
            {
              "actual": {
                "loops": 2,
                "rows": 2,
                "startup_time_ms": 0.0,
                "total_time_ms": 0.0
              },
              "operator": "ROWSET_SCAN",
              "pipeline": 0,
              "role": "source",
              "runtime_id": 0
            },
            {
              "actual": {
                "loops": 1,
                "rows": 2,
                "startup_time_ms": 0.0,
                "total_time_ms": 0.0
              },
              "operator": "HASH_JOIN_BUILD",
              "pipeline": 0,
              "role": "sink",
              "runtime_id": 1
            },
            {
              "actual": {
                "loops": 2,
                "rows": 5,
                "startup_time_ms": 0.0,
                "total_time_ms": 0.0
              },
              "operator": "ROWSET_SCAN",
              "pipeline": 1,
              "role": "source",
              "runtime_id": 2
            },
            {
              "actual": {
                "loops": 2,
                "rows": 5,
                "startup_time_ms": 0.0,
                "total_time_ms": 0.0
              },
              "operator": "HASH_JOIN_PROBE",
              "pipeline": 1,
              "role": "transform",
              "runtime_id": 3
            },
            {
              "actual": {
                "loops": 2,
                "rows": 5,
                "startup_time_ms": 0.0,
                "total_time_ms": 0.0
              },
              "operator": "PROJECTION",
              "pipeline": 1,
              "role": "transform",
              "runtime_id": 4
            },
            {
              "actual": {
                "loops": 2,
                "rows": 5,
                "startup_time_ms": 0.0,
                "total_time_ms": 0.0
              },
              "operator": "CLIENT_RESULT",
              "pipeline": 1,
              "role": "sink",
              "runtime_id": 5
            },
            {
              "actual": {
                "loops": 0,
                "rows": 0,
                "startup_time_ms": 0.0,
                "total_time_ms": 0.0
              },
              "operator": "HASH_JOIN_SPILL_REPLAY",
              "pipeline": 2,
              "role": "source",
              "runtime_id": 6
            },
            {
              "actual": {
                "loops": 0,
                "rows": 0,
                "startup_time_ms": 0.0,
                "total_time_ms": 0.0
              },
              "operator": "PROJECTION",
              "pipeline": 2,
              "role": "transform",
              "runtime_id": 7
            },
            {
              "actual": {
                "loops": 0,
                "rows": 0,
                "startup_time_ms": 0.0,
                "total_time_ms": 0.0
              },
              "operator": "CLIENT_RESULT",
              "pipeline": 2,
              "role": "sink",
              "runtime_id": 8
            }
          ],
          "profile": {
            "memory": {
              "grant_bytes": 0,
              "repartition_depth": 0,
              "revocable_bytes": 0,
              "revoked_bytes": 0,
              "spill_bytes": 0,
              "spill_latency_us": 0,
              "yield_latency_us": 0
            },
            "parallelism": {
              "backpressure_count": 0,
              "max_threads": 0,
              "observed_workers": 0,
              "operator_time_ms": 0.0,
              "ready_time_us": 0,
              "wait_time_us": 0,
              "wake_coalesce_count": 0,
              "wake_count": 0,
              "worker_utilization": 0.0
            },
            "runtime_filters": {
              "installed_count": 0,
              "no_wait_fallback_count": 0
            }
          },
          "profile_events": [
            {
              "bytes": 0,
              "memory_class": null,
              "morsel_range": null,
              "operator_id": 0,
              "phase": "operator",
              "pipeline_id": 0,
              "query_id": 0,
              "rows": 2,
              "thread_id": 0,
              "time": {
                "duration_ms": 0.0,
                "end_ms": 0.0,
                "start_ms": 0.0
              },
              "total_threads": 0,
              "wait_reason": null,
              "work_unit_id": 0
            },
            {
              "bytes": 0,
              "memory_class": null,
              "morsel_range": null,
              "operator_id": 0,
              "phase": "operator",
              "pipeline_id": 0,
              "query_id": 0,
              "rows": 0,
              "thread_id": 0,
              "time": {
                "duration_ms": 0.0,
                "end_ms": 0.0,
                "start_ms": 0.0
              },
              "total_threads": 0,
              "wait_reason": null,
              "work_unit_id": 0
            },
            {
              "bytes": 0,
              "memory_class": null,
              "morsel_range": {
                "end": 1,
                "kind": "finish_task",
                "start": 0
              },
              "operator_id": 1,
              "phase": "breaker_finish_task",
              "pipeline_id": 0,
              "query_id": 0,
              "rows": 0,
              "thread_id": 0,
              "time": {
                "duration_ms": 0.0,
                "end_ms": 0.0,
                "start_ms": 0.0
              },
              "total_threads": 0,
              "wait_reason": null,
              "work_unit_id": 0
            },
            {
              "bytes": 0,
              "memory_class": null,
              "morsel_range": null,
              "operator_id": 1,
              "phase": "breaker_finish",
              "pipeline_id": 0,
              "query_id": 0,
              "rows": 0,
              "thread_id": 0,
              "time": {
                "duration_ms": 0.0,
                "end_ms": 0.0,
                "start_ms": 0.0
              },
              "total_threads": 0,
              "wait_reason": null,
              "work_unit_id": 0
            },
            {
              "bytes": 0,
              "memory_class": null,
              "morsel_range": null,
              "operator_id": 1,
              "phase": "breaker_finish_group",
              "pipeline_id": 0,
              "query_id": 0,
              "rows": 0,
              "thread_id": 0,
              "time": {
                "duration_ms": 0.0,
                "end_ms": 0.0,
                "start_ms": 0.0
              },
              "total_threads": 0,
              "wait_reason": null,
              "work_unit_id": 0
            },
            {
              "bytes": 0,
              "memory_class": null,
              "morsel_range": null,
              "operator_id": 1,
              "phase": "breaker_finish_work",
              "pipeline_id": 0,
              "query_id": 0,
              "rows": 0,
              "thread_id": 0,
              "time": {
                "duration_ms": 0.0,
                "end_ms": 0.0,
                "start_ms": 0.0
              },
              "total_threads": 0,
              "wait_reason": null,
              "work_unit_id": 0
            },
            {
              "bytes": 0,
              "memory_class": null,
              "morsel_range": null,
              "operator_id": 1,
              "phase": "breaker_prepare_finish",
              "pipeline_id": 0,
              "query_id": 0,
              "rows": 0,
              "thread_id": 0,
              "time": {
                "duration_ms": 0.0,
                "end_ms": 0.0,
                "start_ms": 0.0
              },
              "total_threads": 0,
              "wait_reason": null,
              "work_unit_id": 0
            },
            {
              "bytes": 0,
              "memory_class": null,
              "morsel_range": null,
              "operator_id": 1,
              "phase": "operator",
              "pipeline_id": 0,
              "query_id": 0,
              "rows": 2,
              "thread_id": 0,
              "time": {
                "duration_ms": 0.0,
                "end_ms": 0.0,
                "start_ms": 0.0
              },
              "total_threads": 0,
              "wait_reason": null,
              "work_unit_id": 0
            },
            {
              "bytes": 0,
              "memory_class": null,
              "morsel_range": null,
              "operator_id": 2,
              "phase": "operator",
              "pipeline_id": 1,
              "query_id": 0,
              "rows": 5,
              "thread_id": 0,
              "time": {
                "duration_ms": 0.0,
                "end_ms": 0.0,
                "start_ms": 0.0
              },
              "total_threads": 0,
              "wait_reason": null,
              "work_unit_id": 1
            },
            {
              "bytes": 0,
              "memory_class": null,
              "morsel_range": null,
              "operator_id": 2,
              "phase": "operator",
              "pipeline_id": 1,
              "query_id": 0,
              "rows": 0,
              "thread_id": 0,
              "time": {
                "duration_ms": 0.0,
                "end_ms": 0.0,
                "start_ms": 0.0
              },
              "total_threads": 0,
              "wait_reason": null,
              "work_unit_id": 1
            },
            {
              "bytes": 0,
              "memory_class": null,
              "morsel_range": null,
              "operator_id": 3,
              "phase": "operator",
              "pipeline_id": 1,
              "query_id": 0,
              "rows": 2,
              "thread_id": 0,
              "time": {
                "duration_ms": 0.0,
                "end_ms": 0.0,
                "start_ms": 0.0
              },
              "total_threads": 0,
              "wait_reason": null,
              "work_unit_id": 1
            },
            {
              "bytes": 0,
              "memory_class": null,
              "morsel_range": null,
              "operator_id": 3,
              "phase": "operator",
              "pipeline_id": 1,
              "query_id": 0,
              "rows": 3,
              "thread_id": 0,
              "time": {
                "duration_ms": 0.0,
                "end_ms": 0.0,
                "start_ms": 0.0
              },
              "total_threads": 0,
              "wait_reason": null,
              "work_unit_id": 1
            },
            {
              "bytes": 0,
              "memory_class": null,
              "morsel_range": null,
              "operator_id": 4,
              "phase": "operator",
              "pipeline_id": 1,
              "query_id": 0,
              "rows": 2,
              "thread_id": 0,
              "time": {
                "duration_ms": 0.0,
                "end_ms": 0.0,
                "start_ms": 0.0
              },
              "total_threads": 0,
              "wait_reason": null,
              "work_unit_id": 1
            },
            {
              "bytes": 0,
              "memory_class": null,
              "morsel_range": null,
              "operator_id": 4,
              "phase": "operator",
              "pipeline_id": 1,
              "query_id": 0,
              "rows": 3,
              "thread_id": 0,
              "time": {
                "duration_ms": 0.0,
                "end_ms": 0.0,
                "start_ms": 0.0
              },
              "total_threads": 0,
              "wait_reason": null,
              "work_unit_id": 1
            },
            {
              "bytes": 0,
              "memory_class": null,
              "morsel_range": null,
              "operator_id": 5,
              "phase": "breaker_finish",
              "pipeline_id": 1,
              "query_id": 0,
              "rows": 0,
              "thread_id": 0,
              "time": {
                "duration_ms": 0.0,
                "end_ms": 0.0,
                "start_ms": 0.0
              },
              "total_threads": 0,
              "wait_reason": null,
              "work_unit_id": 1
            },
            {
              "bytes": 0,
              "memory_class": null,
              "morsel_range": null,
              "operator_id": 5,
              "phase": "breaker_finish_work",
              "pipeline_id": 1,
              "query_id": 0,
              "rows": 0,
              "thread_id": 0,
              "time": {
                "duration_ms": 0.0,
                "end_ms": 0.0,
                "start_ms": 0.0
              },
              "total_threads": 0,
              "wait_reason": null,
              "work_unit_id": 1
            },
            {
              "bytes": 0,
              "memory_class": null,
              "morsel_range": null,
              "operator_id": 5,
              "phase": "breaker_prepare_finish",
              "pipeline_id": 1,
              "query_id": 0,
              "rows": 0,
              "thread_id": 0,
              "time": {
                "duration_ms": 0.0,
                "end_ms": 0.0,
                "start_ms": 0.0
              },
              "total_threads": 0,
              "wait_reason": null,
              "work_unit_id": 1
            },
            {
              "bytes": 0,
              "memory_class": null,
              "morsel_range": null,
              "operator_id": 5,
              "phase": "operator",
              "pipeline_id": 1,
              "query_id": 0,
              "rows": 2,
              "thread_id": 0,
              "time": {
                "duration_ms": 0.0,
                "end_ms": 0.0,
                "start_ms": 0.0
              },
              "total_threads": 0,
              "wait_reason": null,
              "work_unit_id": 1
            },
            {
              "bytes": 0,
              "memory_class": null,
              "morsel_range": null,
              "operator_id": 5,
              "phase": "operator",
              "pipeline_id": 1,
              "query_id": 0,
              "rows": 3,
              "thread_id": 0,
              "time": {
                "duration_ms": 0.0,
                "end_ms": 0.0,
                "start_ms": 0.0
              },
              "total_threads": 0,
              "wait_reason": null,
              "work_unit_id": 1
            },
            {
              "bytes": 0,
              "memory_class": null,
              "morsel_range": null,
              "operator_id": 8,
              "phase": "breaker_finish",
              "pipeline_id": 2,
              "query_id": 0,
              "rows": 0,
              "thread_id": 0,
              "time": {
                "duration_ms": 0.0,
                "end_ms": 0.0,
                "start_ms": 0.0
              },
              "total_threads": 0,
              "wait_reason": null,
              "work_unit_id": 2
            },
            {
              "bytes": 0,
              "memory_class": null,
              "morsel_range": null,
              "operator_id": 8,
              "phase": "breaker_finish_work",
              "pipeline_id": 2,
              "query_id": 0,
              "rows": 0,
              "thread_id": 0,
              "time": {
                "duration_ms": 0.0,
                "end_ms": 0.0,
                "start_ms": 0.0
              },
              "total_threads": 0,
              "wait_reason": null,
              "work_unit_id": 2
            },
            {
              "bytes": 0,
              "memory_class": null,
              "morsel_range": null,
              "operator_id": 8,
              "phase": "breaker_prepare_finish",
              "pipeline_id": 2,
              "query_id": 0,
              "rows": 0,
              "thread_id": 0,
              "time": {
                "duration_ms": 0.0,
                "end_ms": 0.0,
                "start_ms": 0.0
              },
              "total_threads": 0,
              "wait_reason": null,
              "work_unit_id": 2
            }
          ],
          "profile_schema": [
            "query_id",
            "pipeline_id",
            "work_unit_id",
            "operator_id",
            "thread_id",
            "morsel_range",
            "phase",
            "rows",
            "bytes",
            "time",
            "wait_reason",
            "memory_class"
          ],
          "profile_schema_version": 1,
          "query_id": 0,
          "summary": {
            "Execution Time": "<time-ms>",
            "Rows Returned": 5
          }
        }
        +{
          "format_version": 2,
          "mode": "analyze",
          "operators": [
            {
              "actual": {
                "loops": 2,
                "rows": 2,
                "startup_time_ms": 0.0,
                "total_time_ms": 0.0
              },
              "logical_node_id": 24,
              "operator": "ROWSET_SCAN",
              "pipeline": 0,
              "role": "source",
              "runtime_id": 0
            },
            {
              "actual": {
                "loops": 1,
                "rows": 2,
                "startup_time_ms": 0.0,
                "total_time_ms": 0.0
              },
              "logical_node_id": null,
              "operator": "HASH_JOIN_BUILD",
              "pipeline": 0,
              "role": "sink",
              "runtime_id": 1
            },
            {
              "actual": {
                "loops": 2,
                "rows": 5,
                "startup_time_ms": 0.0,
                "total_time_ms": 0.0
              },
              "logical_node_id": null,
              "operator": "ROWSET_SCAN",
              "pipeline": 1,
              "role": "source",
              "runtime_id": 2
            },
            {
              "actual": {
                "loops": 2,
                "rows": 5,
                "startup_time_ms": 0.0,
                "total_time_ms": 0.0
              },
              "logical_node_id": null,
              "operator": "HASH_JOIN_PROBE",
              "pipeline": 1,
              "role": "transform",
              "runtime_id": 3
            },
            {
              "actual": {
                "loops": 2,
                "rows": 5,
                "startup_time_ms": 0.0,
                "total_time_ms": 0.0
              },
              "logical_node_id": null,
              "operator": "PROJECTION",
              "pipeline": 1,
              "role": "transform",
              "runtime_id": 4
            },
            {
              "actual": {
                "loops": 2,
                "rows": 5,
                "startup_time_ms": 0.0,
                "total_time_ms": 0.0
              },
              "logical_node_id": null,
              "operator": "CLIENT_RESULT",
              "pipeline": 1,
              "role": "sink",
              "runtime_id": 5
            },
            {
              "actual": {
                "loops": 0,
                "rows": 0,
                "startup_time_ms": 0.0,
                "total_time_ms": 0.0
              },
              "logical_node_id": null,
              "operator": "HASH_JOIN_SPILL_REPLAY",
              "pipeline": 2,
              "role": "source",
              "runtime_id": 6
            },
            {
              "actual": {
                "loops": 0,
                "rows": 0,
                "startup_time_ms": 0.0,
                "total_time_ms": 0.0
              },
              "logical_node_id": null,
              "operator": "PROJECTION",
              "pipeline": 2,
              "role": "transform",
              "runtime_id": 7
            },
            {
              "actual": {
                "loops": 0,
                "rows": 0,
                "startup_time_ms": 0.0,
                "total_time_ms": 0.0
              },
              "logical_node_id": null,
              "operator": "CLIENT_RESULT",
              "pipeline": 2,
              "role": "sink",
              "runtime_id": 8
            }
          ],
          "profile": {
            "memory": {
              "grant_bytes": 0,
              "repartition_depth": 0,
              "revocable_bytes": 0,
              "revoked_bytes": 0,
              "spill_bytes": 0,
              "spill_latency_us": 0,
              "yield_latency_us": 0
            },
            "parallelism": {
              "backpressure_count": 0,
              "max_threads": 0,
              "observed_workers": 0,
              "operator_time_ms": 0.0,
              "ready_time_us": 0,
              "wait_time_us": 0,
              "wake_coalesce_count": 0,
              "wake_count": 0,
              "worker_utilization": 0.0
            },
            "runtime_filters": {
              "installed_count": 0,
              "no_wait_fallback_count": 0
            }
          },
          "profile_events": [
            {
              "bytes": 0,
              "memory_class": null,
              "morsel_range": null,
              "operator_id": 0,
              "phase": "operator",
              "pipeline_id": 0,
              "query_id": 0,
              "rows": 2,
              "thread_id": 0,
              "time": {
                "duration_ms": 0.0,
                "end_ms": 0.0,
                "start_ms": 0.0
              },
              "total_threads": 0,
              "wait_reason": null,
              "work_unit_id": 0
            },
            {
              "bytes": 0,
              "memory_class": null,
              "morsel_range": null,
              "operator_id": 0,
              "phase": "operator",
              "pipeline_id": 0,
              "query_id": 0,
              "rows": 0,
              "thread_id": 0,
              "time": {
                "duration_ms": 0.0,
                "end_ms": 0.0,
                "start_ms": 0.0
              },
              "total_threads": 0,
              "wait_reason": null,
              "work_unit_id": 0
            },
            {
              "bytes": 0,
              "memory_class": null,
              "morsel_range": {
                "end": 1,
                "kind": "finish_task",
                "start": 0
              },
              "operator_id": 1,
              "phase": "breaker_finish_task",
              "pipeline_id": 0,
              "query_id": 0,
              "rows": 0,
              "thread_id": 0,
              "time": {
                "duration_ms": 0.0,
                "end_ms": 0.0,
                "start_ms": 0.0
              },
              "total_threads": 0,
              "wait_reason": null,
              "work_unit_id": 0
            },
            {
              "bytes": 0,
              "memory_class": null,
              "morsel_range": null,
              "operator_id": 1,
              "phase": "breaker_finish",
              "pipeline_id": 0,
              "query_id": 0,
              "rows": 0,
              "thread_id": 0,
              "time": {
                "duration_ms": 0.0,
                "end_ms": 0.0,
                "start_ms": 0.0
              },
              "total_threads": 0,
              "wait_reason": null,
              "work_unit_id": 0
            },
            {
              "bytes": 0,
              "memory_class": null,
              "morsel_range": null,
              "operator_id": 1,
              "phase": "breaker_finish_group",
              "pipeline_id": 0,
              "query_id": 0,
              "rows": 0,
              "thread_id": 0,
              "time": {
                "duration_ms": 0.0,
                "end_ms": 0.0,
                "start_ms": 0.0
              },
              "total_threads": 0,
              "wait_reason": null,
              "work_unit_id": 0
            },
            {
              "bytes": 0,
              "memory_class": null,
              "morsel_range": null,
              "operator_id": 1,
              "phase": "breaker_finish_work",
              "pipeline_id": 0,
              "query_id": 0,
              "rows": 0,
              "thread_id": 0,
              "time": {
                "duration_ms": 0.0,
                "end_ms": 0.0,
                "start_ms": 0.0
              },
              "total_threads": 0,
              "wait_reason": null,
              "work_unit_id": 0
            },
            {
              "bytes": 0,
              "memory_class": null,
              "morsel_range": null,
              "operator_id": 1,
              "phase": "breaker_prepare_finish",
              "pipeline_id": 0,
              "query_id": 0,
              "rows": 0,
              "thread_id": 0,
              "time": {
                "duration_ms": 0.0,
                "end_ms": 0.0,
                "start_ms": 0.0
              },
              "total_threads": 0,
              "wait_reason": null,
              "work_unit_id": 0
            },
            {
              "bytes": 0,
              "memory_class": null,
              "morsel_range": null,
              "operator_id": 1,
              "phase": "operator",
              "pipeline_id": 0,
              "query_id": 0,
              "rows": 2,
              "thread_id": 0,
              "time": {
                "duration_ms": 0.0,
                "end_ms": 0.0,
                "start_ms": 0.0
              },
              "total_threads": 0,
              "wait_reason": null,
              "work_unit_id": 0
            },
            {
              "bytes": 0,
              "memory_class": null,
              "morsel_range": null,
              "operator_id": 2,
              "phase": "operator",
              "pipeline_id": 1,
              "query_id": 0,
              "rows": 5,
              "thread_id": 0,
              "time": {
                "duration_ms": 0.0,
                "end_ms": 0.0,
                "start_ms": 0.0
              },
              "total_threads": 0,
              "wait_reason": null,
              "work_unit_id": 1
            },
            {
              "bytes": 0,
              "memory_class": null,
              "morsel_range": null,
              "operator_id": 2,
              "phase": "operator",
              "pipeline_id": 1,
              "query_id": 0,
              "rows": 0,
              "thread_id": 0,
              "time": {
                "duration_ms": 0.0,
                "end_ms": 0.0,
                "start_ms": 0.0
              },
              "total_threads": 0,
              "wait_reason": null,
              "work_unit_id": 1
            },
            {
              "bytes": 0,
              "memory_class": null,
              "morsel_range": null,
              "operator_id": 3,
              "phase": "operator",
              "pipeline_id": 1,
              "query_id": 0,
              "rows": 2,
              "thread_id": 0,
              "time": {
                "duration_ms": 0.0,
                "end_ms": 0.0,
                "start_ms": 0.0
              },
              "total_threads": 0,
              "wait_reason": null,
              "work_unit_id": 1
            },
            {
              "bytes": 0,
              "memory_class": null,
              "morsel_range": null,
              "operator_id": 3,
              "phase": "operator",
              "pipeline_id": 1,
              "query_id": 0,
              "rows": 3,
              "thread_id": 0,
              "time": {
                "duration_ms": 0.0,
                "end_ms": 0.0,
                "start_ms": 0.0
              },
              "total_threads": 0,
              "wait_reason": null,
              "work_unit_id": 1
            },
            {
              "bytes": 0,
              "memory_class": null,
              "morsel_range": null,
              "operator_id": 4,
              "phase": "operator",
              "pipeline_id": 1,
              "query_id": 0,
              "rows": 2,
              "thread_id": 0,
              "time": {
                "duration_ms": 0.0,
                "end_ms": 0.0,
                "start_ms": 0.0
              },
              "total_threads": 0,
              "wait_reason": null,
              "work_unit_id": 1
            },
            {
              "bytes": 0,
              "memory_class": null,
              "morsel_range": null,
              "operator_id": 4,
              "phase": "operator",
              "pipeline_id": 1,
              "query_id": 0,
              "rows": 3,
              "thread_id": 0,
              "time": {
                "duration_ms": 0.0,
                "end_ms": 0.0,
                "start_ms": 0.0
              },
              "total_threads": 0,
              "wait_reason": null,
              "work_unit_id": 1
            },
            {
              "bytes": 0,
              "memory_class": null,
              "morsel_range": null,
              "operator_id": 5,
              "phase": "breaker_finish",
              "pipeline_id": 1,
              "query_id": 0,
              "rows": 0,
              "thread_id": 0,
              "time": {
                "duration_ms": 0.0,
                "end_ms": 0.0,
                "start_ms": 0.0
              },
              "total_threads": 0,
              "wait_reason": null,
              "work_unit_id": 1
            },
            {
              "bytes": 0,
              "memory_class": null,
              "morsel_range": null,
              "operator_id": 5,
              "phase": "breaker_finish_work",
              "pipeline_id": 1,
              "query_id": 0,
              "rows": 0,
              "thread_id": 0,
              "time": {
                "duration_ms": 0.0,
                "end_ms": 0.0,
                "start_ms": 0.0
              },
              "total_threads": 0,
              "wait_reason": null,
              "work_unit_id": 1
            },
            {
              "bytes": 0,
              "memory_class": null,
              "morsel_range": null,
              "operator_id": 5,
              "phase": "breaker_prepare_finish",
              "pipeline_id": 1,
              "query_id": 0,
              "rows": 0,
              "thread_id": 0,
              "time": {
                "duration_ms": 0.0,
                "end_ms": 0.0,
                "start_ms": 0.0
              },
              "total_threads": 0,
              "wait_reason": null,
              "work_unit_id": 1
            },
            {
              "bytes": 0,
              "memory_class": null,
              "morsel_range": null,
              "operator_id": 5,
              "phase": "operator",
              "pipeline_id": 1,
              "query_id": 0,
              "rows": 2,
              "thread_id": 0,
              "time": {
                "duration_ms": 0.0,
                "end_ms": 0.0,
                "start_ms": 0.0
              },
              "total_threads": 0,
              "wait_reason": null,
              "work_unit_id": 1
            },
            {
              "bytes": 0,
              "memory_class": null,
              "morsel_range": null,
              "operator_id": 5,
              "phase": "operator",
              "pipeline_id": 1,
              "query_id": 0,
              "rows": 3,
              "thread_id": 0,
              "time": {
                "duration_ms": 0.0,
                "end_ms": 0.0,
                "start_ms": 0.0
              },
              "total_threads": 0,
              "wait_reason": null,
              "work_unit_id": 1
            },
            {
              "bytes": 0,
              "memory_class": null,
              "morsel_range": null,
              "operator_id": 8,
              "phase": "breaker_finish",
              "pipeline_id": 2,
              "query_id": 0,
              "rows": 0,
              "thread_id": 0,
              "time": {
                "duration_ms": 0.0,
                "end_ms": 0.0,
                "start_ms": 0.0
              },
              "total_threads": 0,
              "wait_reason": null,
              "work_unit_id": 2
            },
            {
              "bytes": 0,
              "memory_class": null,
              "morsel_range": null,
              "operator_id": 8,
              "phase": "breaker_finish_work",
              "pipeline_id": 2,
              "query_id": 0,
              "rows": 0,
              "thread_id": 0,
              "time": {
                "duration_ms": 0.0,
                "end_ms": 0.0,
                "start_ms": 0.0
              },
              "total_threads": 0,
              "wait_reason": null,
              "work_unit_id": 2
            },
            {
              "bytes": 0,
              "memory_class": null,
              "morsel_range": null,
              "operator_id": 8,
              "phase": "breaker_prepare_finish",
              "pipeline_id": 2,
              "query_id": 0,
              "rows": 0,
              "thread_id": 0,
              "time": {
                "duration_ms": 0.0,
                "end_ms": 0.0,
                "start_ms": 0.0
              },
              "total_threads": 0,
              "wait_reason": null,
              "work_unit_id": 2
            }
          ],
          "profile_schema": [
            "query_id",
            "pipeline_id",
            "work_unit_id",
            "operator_id",
            "logical_node_id",
            "thread_id",
            "morsel_range",
            "phase",
            "rows",
            "bytes",
            "time",
            "wait_reason",
            "memory_class"
          ],
          "profile_schema_version": 1,
          "query_id": 0,
          "summary": {
            "Execution Time": "<time-ms>",
            "Rows Returned": 5
          }
        }
        
        block 20 mismatch (line 249)
        SQL: EXPLAIN ANALYZE
        SELECT l.k
        FROM join_explain_hash_l AS l
        SEMI JOIN join_explain_hash_r AS r ON l.k IS NOT DISTINCT FROM r.k;
        detail: text mismatch
        diff:
        --- expected
        +++ actual
        @@ -1,6 +1,6 @@
         QUERY PLAN
         PIPELINE 0
        -  SOURCE #0 ROWSET_SCAN (actual time=<time-range> rows=2 loops=<loops>)
        +  SOURCE #0 ROWSET_SCAN (actual time=<time-range> rows=2 loops=<loops>) logical_node_id=35
           SINK #1 HASH_JOIN_BUILD (actual time=<time-range> rows=2 loops=<loops>)
         PIPELINE 1
           SOURCE #2 ROWSET_SCAN (actual time=<time-range> rows=5 loops=<loops>)
        
        block 21 mismatch (line 0)
        SQL: EXPLAIN ANALYZE
        SELECT l.k
        FROM join_explain_hash_l AS l
        SEMI JOIN join_explain_hash_r AS r ON l.k IS NOT DISTINCT FROM r.k
        FORMAT JSON;
        detail: json mismatch at row 1, col 1
        diff:
        --- expected
        +++ actual
        @@ -1 +1 @@
        -{
          "format_version": 2,
          "mode": "analyze",
          "operators": [
            {
              "actual": {
                "loops": 2,
                "rows": 2,
                "startup_time_ms": 0.0,
                "total_time_ms": 0.0
              },
              "operator": "ROWSET_SCAN",
              "pipeline": 0,
              "role": "source",
              "runtime_id": 0
            },
            {
              "actual": {
                "loops": 1,
                "rows": 2,
                "startup_time_ms": 0.0,
                "total_time_ms": 0.0
              },
              "operator": "HASH_JOIN_BUILD",
              "pipeline": 0,
              "role": "sink",
              "runtime_id": 1
            },
            {
              "actual": {
                "loops": 2,
                "rows": 5,
                "startup_time_ms": 0.0,
                "total_time_ms": 0.0
              },
              "operator": "ROWSET_SCAN",
              "pipeline": 1,
              "role": "source",
              "runtime_id": 2
            },
            {
              "actual": {
                "loops": 1,
                "rows": 2,
                "startup_time_ms": 0.0,
                "total_time_ms": 0.0
              },
              "operator": "HASH_JOIN_PROBE",
              "pipeline": 1,
              "role": "transform",
              "runtime_id": 3
            },
            {
              "actual": {
                "loops": 1,
                "rows": 2,
                "startup_time_ms": 0.0,
                "total_time_ms": 0.0
              },
              "operator": "PROJECTION",
              "pipeline": 1,
              "role": "transform",
              "runtime_id": 4
            },
            {
              "actual": {
                "loops": 1,
                "rows": 2,
                "startup_time_ms": 0.0,
                "total_time_ms": 0.0
              },
              "operator": "CLIENT_RESULT",
              "pipeline": 1,
              "role": "sink",
              "runtime_id": 5
            },
            {
              "actual": {
                "loops": 0,
                "rows": 0,
                "startup_time_ms": 0.0,
                "total_time_ms": 0.0
              },
              "operator": "HASH_JOIN_SPILL_REPLAY",
              "pipeline": 2,
              "role": "source",
              "runtime_id": 6
            },
            {
              "actual": {
                "loops": 0,
                "rows": 0,
                "startup_time_ms": 0.0,
                "total_time_ms": 0.0
              },
              "operator": "PROJECTION",
              "pipeline": 2,
              "role": "transform",
              "runtime_id": 7
            },
            {
              "actual": {
                "loops": 0,
                "rows": 0,
                "startup_time_ms": 0.0,
                "total_time_ms": 0.0
              },
              "operator": "CLIENT_RESULT",
              "pipeline": 2,
              "role": "sink",
              "runtime_id": 8
            }
          ],
          "profile": {
            "memory": {
              "grant_bytes": 0,
              "repartition_depth": 0,
              "revocable_bytes": 0,
              "revoked_bytes": 0,
              "spill_bytes": 0,
              "spill_latency_us": 0,
              "yield_latency_us": 0
            },
            "parallelism": {
              "backpressure_count": 0,
              "max_threads": 0,
              "observed_workers": 0,
              "operator_time_ms": 0.0,
              "ready_time_us": 0,
              "wait_time_us": 0,
              "wake_coalesce_count": 0,
              "wake_count": 0,
              "worker_utilization": 0.0
            },
            "runtime_filters": {
              "installed_count": 0,
              "no_wait_fallback_count": 0
            }
          },
          "profile_events": [
            {
              "bytes": 0,
              "memory_class": null,
              "morsel_range": null,
              "operator_id": 0,
              "phase": "operator",
              "pipeline_id": 0,
              "query_id": 0,
              "rows": 2,
              "thread_id": 0,
              "time": {
                "duration_ms": 0.0,
                "end_ms": 0.0,
                "start_ms": 0.0
              },
              "total_threads": 0,
              "wait_reason": null,
              "work_unit_id": 0
            },
            {
              "bytes": 0,
              "memory_class": null,
              "morsel_range": null,
              "operator_id": 0,
              "phase": "operator",
              "pipeline_id": 0,
              "query_id": 0,
              "rows": 0,
              "thread_id": 0,
              "time": {
                "duration_ms": 0.0,
                "end_ms": 0.0,
                "start_ms": 0.0
              },
              "total_threads": 0,
              "wait_reason": null,
              "work_unit_id": 0
            },
            {
              "bytes": 0,
              "memory_class": null,
              "morsel_range": {
                "end": 1,
                "kind": "finish_task",
                "start": 0
              },
              "operator_id": 1,
              "phase": "breaker_finish_task",
              "pipeline_id": 0,
              "query_id": 0,
              "rows": 0,
              "thread_id": 0,
              "time": {
                "duration_ms": 0.0,
                "end_ms": 0.0,
                "start_ms": 0.0
              },
              "total_threads": 0,
              "wait_reason": null,
              "work_unit_id": 0
            },
            {
              "bytes": 0,
              "memory_class": null,
              "morsel_range": null,
              "operator_id": 1,
              "phase": "breaker_finish",
              "pipeline_id": 0,
              "query_id": 0,
              "rows": 0,
              "thread_id": 0,
              "time": {
                "duration_ms": 0.0,
                "end_ms": 0.0,
                "start_ms": 0.0
              },
              "total_threads": 0,
              "wait_reason": null,
              "work_unit_id": 0
            },
            {
              "bytes": 0,
              "memory_class": null,
              "morsel_range": null,
              "operator_id": 1,
              "phase": "breaker_finish_group",
              "pipeline_id": 0,
              "query_id": 0,
              "rows": 0,
              "thread_id": 0,
              "time": {
                "duration_ms": 0.0,
                "end_ms": 0.0,
                "start_ms": 0.0
              },
              "total_threads": 0,
              "wait_reason": null,
              "work_unit_id": 0
            },
            {
              "bytes": 0,
              "memory_class": null,
              "morsel_range": null,
              "operator_id": 1,
              "phase": "breaker_finish_work",
              "pipeline_id": 0,
              "query_id": 0,
              "rows": 0,
              "thread_id": 0,
              "time": {
                "duration_ms": 0.0,
                "end_ms": 0.0,
                "start_ms": 0.0
              },
              "total_threads": 0,
              "wait_reason": null,
              "work_unit_id": 0
            },
            {
              "bytes": 0,
              "memory_class": null,
              "morsel_range": null,
              "operator_id": 1,
              "phase": "breaker_prepare_finish",
              "pipeline_id": 0,
              "query_id": 0,
              "rows": 0,
              "thread_id": 0,
              "time": {
                "duration_ms": 0.0,
                "end_ms": 0.0,
                "start_ms": 0.0
              },
              "total_threads": 0,
              "wait_reason": null,
              "work_unit_id": 0
            },
            {
              "bytes": 0,
              "memory_class": null,
              "morsel_range": null,
              "operator_id": 1,
              "phase": "operator",
              "pipeline_id": 0,
              "query_id": 0,
              "rows": 2,
              "thread_id": 0,
              "time": {
                "duration_ms": 0.0,
                "end_ms": 0.0,
                "start_ms": 0.0
              },
              "total_threads": 0,
              "wait_reason": null,
              "work_unit_id": 0
            },
            {
              "bytes": 0,
              "memory_class": null,
              "morsel_range": null,
              "operator_id": 2,
              "phase": "operator",
              "pipeline_id": 1,
              "query_id": 0,
              "rows": 5,
              "thread_id": 0,
              "time": {
                "duration_ms": 0.0,
                "end_ms": 0.0,
                "start_ms": 0.0
              },
              "total_threads": 0,
              "wait_reason": null,
              "work_unit_id": 1
            },
            {
              "bytes": 0,
              "memory_class": null,
              "morsel_range": null,
              "operator_id": 2,
              "phase": "operator",
              "pipeline_id": 1,
              "query_id": 0,
              "rows": 0,
              "thread_id": 0,
              "time": {
                "duration_ms": 0.0,
                "end_ms": 0.0,
                "start_ms": 0.0
              },
              "total_threads": 0,
              "wait_reason": null,
              "work_unit_id": 1
            },
            {
              "bytes": 0,
              "memory_class": null,
              "morsel_range": null,
              "operator_id": 3,
              "phase": "operator",
              "pipeline_id": 1,
              "query_id": 0,
              "rows": 2,
              "thread_id": 0,
              "time": {
                "duration_ms": 0.0,
                "end_ms": 0.0,
                "start_ms": 0.0
              },
              "total_threads": 0,
              "wait_reason": null,
              "work_unit_id": 1
            },
            {
              "bytes": 0,
              "memory_class": null,
              "morsel_range": null,
              "operator_id": 4,
              "phase": "operator",
              "pipeline_id": 1,
              "query_id": 0,
              "rows": 2,
              "thread_id": 0,
              "time": {
                "duration_ms": 0.0,
                "end_ms": 0.0,
                "start_ms": 0.0
              },
              "total_threads": 0,
              "wait_reason": null,
              "work_unit_id": 1
            },
            {
              "bytes": 0,
              "memory_class": null,
              "morsel_range": null,
              "operator_id": 5,
              "phase": "breaker_finish",
              "pipeline_id": 1,
              "query_id": 0,
              "rows": 0,
              "thread_id": 0,
              "time": {
                "duration_ms": 0.0,
                "end_ms": 0.0,
                "start_ms": 0.0
              },
              "total_threads": 0,
              "wait_reason": null,
              "work_unit_id": 1
            },
            {
              "bytes": 0,
              "memory_class": null,
              "morsel_range": null,
              "operator_id": 5,
              "phase": "breaker_finish_work",
              "pipeline_id": 1,
              "query_id": 0,
              "rows": 0,
              "thread_id": 0,
              "time": {
                "duration_ms": 0.0,
                "end_ms": 0.0,
                "start_ms": 0.0
              },
              "total_threads": 0,
              "wait_reason": null,
              "work_unit_id": 1
            },
            {
              "bytes": 0,
              "memory_class": null,
              "morsel_range": null,
              "operator_id": 5,
              "phase": "breaker_prepare_finish",
              "pipeline_id": 1,
              "query_id": 0,
              "rows": 0,
              "thread_id": 0,
              "time": {
                "duration_ms": 0.0,
                "end_ms": 0.0,
                "start_ms": 0.0
              },
              "total_threads": 0,
              "wait_reason": null,
              "work_unit_id": 1
            },
            {
              "bytes": 0,
              "memory_class": null,
              "morsel_range": null,
              "operator_id": 5,
              "phase": "operator",
              "pipeline_id": 1,
              "query_id": 0,
              "rows": 2,
              "thread_id": 0,
              "time": {
                "duration_ms": 0.0,
                "end_ms": 0.0,
                "start_ms": 0.0
              },
              "total_threads": 0,
              "wait_reason": null,
              "work_unit_id": 1
            },
            {
              "bytes": 0,
              "memory_class": null,
              "morsel_range": null,
              "operator_id": 8,
              "phase": "breaker_finish",
              "pipeline_id": 2,
              "query_id": 0,
              "rows": 0,
              "thread_id": 0,
              "time": {
                "duration_ms": 0.0,
                "end_ms": 0.0,
                "start_ms": 0.0
              },
              "total_threads": 0,
              "wait_reason": null,
              "work_unit_id": 2
            },
            {
              "bytes": 0,
              "memory_class": null,
              "morsel_range": null,
              "operator_id": 8,
              "phase": "breaker_finish_work",
              "pipeline_id": 2,
              "query_id": 0,
              "rows": 0,
              "thread_id": 0,
              "time": {
                "duration_ms": 0.0,
                "end_ms": 0.0,
                "start_ms": 0.0
              },
              "total_threads": 0,
              "wait_reason": null,
              "work_unit_id": 2
            },
            {
              "bytes": 0,
              "memory_class": null,
              "morsel_range": null,
              "operator_id": 8,
              "phase": "breaker_prepare_finish",
              "pipeline_id": 2,
              "query_id": 0,
              "rows": 0,
              "thread_id": 0,
              "time": {
                "duration_ms": 0.0,
                "end_ms": 0.0,
                "start_ms": 0.0
              },
              "total_threads": 0,
              "wait_reason": null,
              "work_unit_id": 2
            }
          ],
          "profile_schema": [
            "query_id",
            "pipeline_id",
            "work_unit_id",
            "operator_id",
            "thread_id",
            "morsel_range",
            "phase",
            "rows",
            "bytes",
            "time",
            "wait_reason",
            "memory_class"
          ],
          "profile_schema_version": 1,
          "query_id": 0,
          "summary": {
            "Execution Time": "<time-ms>",
            "Rows Returned": 2
          }
        }
        +{
          "format_version": 2,
          "mode": "analyze",
          "operators": [
            {
              "actual": {
                "loops": 2,
                "rows": 2,
                "startup_time_ms": 0.0,
                "total_time_ms": 0.0
              },
              "logical_node_id": 35,
              "operator": "ROWSET_SCAN",
              "pipeline": 0,
              "role": "source",
              "runtime_id": 0
            },
            {
              "actual": {
                "loops": 1,
                "rows": 2,
                "startup_time_ms": 0.0,
                "total_time_ms": 0.0
              },
              "logical_node_id": null,
              "operator": "HASH_JOIN_BUILD",
              "pipeline": 0,
              "role": "sink",
              "runtime_id": 1
            },
            {
              "actual": {
                "loops": 2,
                "rows": 5,
                "startup_time_ms": 0.0,
                "total_time_ms": 0.0
              },
              "logical_node_id": null,
              "operator": "ROWSET_SCAN",
              "pipeline": 1,
              "role": "source",
              "runtime_id": 2
            },
            {
              "actual": {
                "loops": 1,
                "rows": 2,
                "startup_time_ms": 0.0,
                "total_time_ms": 0.0
              },
              "logical_node_id": null,
              "operator": "HASH_JOIN_PROBE",
              "pipeline": 1,
              "role": "transform",
              "runtime_id": 3
            },
            {
              "actual": {
                "loops": 1,
                "rows": 2,
                "startup_time_ms": 0.0,
                "total_time_ms": 0.0
              },
              "logical_node_id": null,
              "operator": "PROJECTION",
              "pipeline": 1,
              "role": "transform",
              "runtime_id": 4
            },
            {
              "actual": {
                "loops": 1,
                "rows": 2,
                "startup_time_ms": 0.0,
                "total_time_ms": 0.0
              },
              "logical_node_id": null,
              "operator": "CLIENT_RESULT",
              "pipeline": 1,
              "role": "sink",
              "runtime_id": 5
            },
            {
              "actual": {
                "loops": 0,
                "rows": 0,
                "startup_time_ms": 0.0,
                "total_time_ms": 0.0
              },
              "logical_node_id": null,
              "operator": "HASH_JOIN_SPILL_REPLAY",
              "pipeline": 2,
              "role": "source",
              "runtime_id": 6
            },
            {
              "actual": {
                "loops": 0,
                "rows": 0,
                "startup_time_ms": 0.0,
                "total_time_ms": 0.0
              },
              "logical_node_id": null,
              "operator": "PROJECTION",
              "pipeline": 2,
              "role": "transform",
              "runtime_id": 7
            },
            {
              "actual": {
                "loops": 0,
                "rows": 0,
                "startup_time_ms": 0.0,
                "total_time_ms": 0.0
              },
              "logical_node_id": null,
              "operator": "CLIENT_RESULT",
              "pipeline": 2,
              "role": "sink",
              "runtime_id": 8
            }
          ],
          "profile": {
            "memory": {
              "grant_bytes": 0,
              "repartition_depth": 0,
              "revocable_bytes": 0,
              "revoked_bytes": 0,
              "spill_bytes": 0,
              "spill_latency_us": 0,
              "yield_latency_us": 0
            },
            "parallelism": {
              "backpressure_count": 0,
              "max_threads": 0,
              "observed_workers": 0,
              "operator_time_ms": 0.0,
              "ready_time_us": 0,
              "wait_time_us": 0,
              "wake_coalesce_count": 0,
              "wake_count": 0,
              "worker_utilization": 0.0
            },
            "runtime_filters": {
              "installed_count": 0,
              "no_wait_fallback_count": 0
            }
          },
          "profile_events": [
            {
              "bytes": 0,
              "memory_class": null,
              "morsel_range": null,
              "operator_id": 0,
              "phase": "operator",
              "pipeline_id": 0,
              "query_id": 0,
              "rows": 2,
              "thread_id": 0,
              "time": {
                "duration_ms": 0.0,
                "end_ms": 0.0,
                "start_ms": 0.0
              },
              "total_threads": 0,
              "wait_reason": null,
              "work_unit_id": 0
            },
            {
              "bytes": 0,
              "memory_class": null,
              "morsel_range": null,
              "operator_id": 0,
              "phase": "operator",
              "pipeline_id": 0,
              "query_id": 0,
              "rows": 0,
              "thread_id": 0,
              "time": {
                "duration_ms": 0.0,
                "end_ms": 0.0,
                "start_ms": 0.0
              },
              "total_threads": 0,
              "wait_reason": null,
              "work_unit_id": 0
            },
            {
              "bytes": 0,
              "memory_class": null,
              "morsel_range": {
                "end": 1,
                "kind": "finish_task",
                "start": 0
              },
              "operator_id": 1,
              "phase": "breaker_finish_task",
              "pipeline_id": 0,
              "query_id": 0,
              "rows": 0,
              "thread_id": 0,
              "time": {
                "duration_ms": 0.0,
                "end_ms": 0.0,
                "start_ms": 0.0
              },
              "total_threads": 0,
              "wait_reason": null,
              "work_unit_id": 0
            },
            {
              "bytes": 0,
              "memory_class": null,
              "morsel_range": null,
              "operator_id": 1,
              "phase": "breaker_finish",
              "pipeline_id": 0,
              "query_id": 0,
              "rows": 0,
              "thread_id": 0,
              "time": {
                "duration_ms": 0.0,
                "end_ms": 0.0,
                "start_ms": 0.0
              },
              "total_threads": 0,
              "wait_reason": null,
              "work_unit_id": 0
            },
            {
              "bytes": 0,
              "memory_class": null,
              "morsel_range": null,
              "operator_id": 1,
              "phase": "breaker_finish_group",
              "pipeline_id": 0,
              "query_id": 0,
              "rows": 0,
              "thread_id": 0,
              "time": {
                "duration_ms": 0.0,
                "end_ms": 0.0,
                "start_ms": 0.0
              },
              "total_threads": 0,
              "wait_reason": null,
              "work_unit_id": 0
            },
            {
              "bytes": 0,
              "memory_class": null,
              "morsel_range": null,
              "operator_id": 1,
              "phase": "breaker_finish_work",
              "pipeline_id": 0,
              "query_id": 0,
              "rows": 0,
              "thread_id": 0,
              "time": {
                "duration_ms": 0.0,
                "end_ms": 0.0,
                "start_ms": 0.0
              },
              "total_threads": 0,
              "wait_reason": null,
              "work_unit_id": 0
            },
            {
              "bytes": 0,
              "memory_class": null,
              "morsel_range": null,
              "operator_id": 1,
              "phase": "breaker_prepare_finish",
              "pipeline_id": 0,
              "query_id": 0,
              "rows": 0,
              "thread_id": 0,
              "time": {
                "duration_ms": 0.0,
                "end_ms": 0.0,
                "start_ms": 0.0
              },
              "total_threads": 0,
              "wait_reason": null,
              "work_unit_id": 0
            },
            {
              "bytes": 0,
              "memory_class": null,
              "morsel_range": null,
              "operator_id": 1,
              "phase": "operator",
              "pipeline_id": 0,
              "query_id": 0,
              "rows": 2,
              "thread_id": 0,
              "time": {
                "duration_ms": 0.0,
                "end_ms": 0.0,
                "start_ms": 0.0
              },
              "total_threads": 0,
              "wait_reason": null,
              "work_unit_id": 0
            },
            {
              "bytes": 0,
              "memory_class": null,
              "morsel_range": null,
              "operator_id": 2,
              "phase": "operator",
              "pipeline_id": 1,
              "query_id": 0,
              "rows": 5,
              "thread_id": 0,
              "time": {
                "duration_ms": 0.0,
                "end_ms": 0.0,
                "start_ms": 0.0
              },
              "total_threads": 0,
              "wait_reason": null,
              "work_unit_id": 1
            },
            {
              "bytes": 0,
              "memory_class": null,
              "morsel_range": null,
              "operator_id": 2,
              "phase": "operator",
              "pipeline_id": 1,
              "query_id": 0,
              "rows": 0,
              "thread_id": 0,
              "time": {
                "duration_ms": 0.0,
                "end_ms": 0.0,
                "start_ms": 0.0
              },
              "total_threads": 0,
              "wait_reason": null,
              "work_unit_id": 1
            },
            {
              "bytes": 0,
              "memory_class": null,
              "morsel_range": null,
              "operator_id": 3,
              "phase": "operator",
              "pipeline_id": 1,
              "query_id": 0,
              "rows": 2,
              "thread_id": 0,
              "time": {
                "duration_ms": 0.0,
                "end_ms": 0.0,
                "start_ms": 0.0
              },
              "total_threads": 0,
              "wait_reason": null,
              "work_unit_id": 1
            },
            {
              "bytes": 0,
              "memory_class": null,
              "morsel_range": null,
              "operator_id": 4,
              "phase": "operator",
              "pipeline_id": 1,
              "query_id": 0,
              "rows": 2,
              "thread_id": 0,
              "time": {
                "duration_ms": 0.0,
                "end_ms": 0.0,
                "start_ms": 0.0
              },
              "total_threads": 0,
              "wait_reason": null,
              "work_unit_id": 1
            },
            {
              "bytes": 0,
              "memory_class": null,
              "morsel_range": null,
              "operator_id": 5,
              "phase": "breaker_finish",
              "pipeline_id": 1,
              "query_id": 0,
              "rows": 0,
              "thread_id": 0,
              "time": {
                "duration_ms": 0.0,
                "end_ms": 0.0,
                "start_ms": 0.0
              },
              "total_threads": 0,
              "wait_reason": null,
              "work_unit_id": 1
            },
            {
              "bytes": 0,
              "memory_class": null,
              "morsel_range": null,
              "operator_id": 5,
              "phase": "breaker_finish_work",
              "pipeline_id": 1,
              "query_id": 0,
              "rows": 0,
              "thread_id": 0,
              "time": {
                "duration_ms": 0.0,
                "end_ms": 0.0,
                "start_ms": 0.0
              },
              "total_threads": 0,
              "wait_reason": null,
              "work_unit_id": 1
            },
            {
              "bytes": 0,
              "memory_class": null,
              "morsel_range": null,
              "operator_id": 5,
              "phase": "breaker_prepare_finish",
              "pipeline_id": 1,
              "query_id": 0,
              "rows": 0,
              "thread_id": 0,
              "time": {
                "duration_ms": 0.0,
                "end_ms": 0.0,
                "start_ms": 0.0
              },
              "total_threads": 0,
              "wait_reason": null,
              "work_unit_id": 1
            },
            {
              "bytes": 0,
              "memory_class": null,
              "morsel_range": null,
              "operator_id": 5,
              "phase": "operator",
              "pipeline_id": 1,
              "query_id": 0,
              "rows": 2,
              "thread_id": 0,
              "time": {
                "duration_ms": 0.0,
                "end_ms": 0.0,
                "start_ms": 0.0
              },
              "total_threads": 0,
              "wait_reason": null,
              "work_unit_id": 1
            },
            {
              "bytes": 0,
              "memory_class": null,
              "morsel_range": null,
              "operator_id": 8,
              "phase": "breaker_finish",
              "pipeline_id": 2,
              "query_id": 0,
              "rows": 0,
              "thread_id": 0,
              "time": {
                "duration_ms": 0.0,
                "end_ms": 0.0,
                "start_ms": 0.0
              },
              "total_threads": 0,
              "wait_reason": null,
              "work_unit_id": 2
            },
            {
              "bytes": 0,
              "memory_class": null,
              "morsel_range": null,
              "operator_id": 8,
              "phase": "breaker_finish_work",
              "pipeline_id": 2,
              "query_id": 0,
              "rows": 0,
              "thread_id": 0,
              "time": {
                "duration_ms": 0.0,
                "end_ms": 0.0,
                "start_ms": 0.0
              },
              "total_threads": 0,
              "wait_reason": null,
              "work_unit_id": 2
            },
            {
              "bytes": 0,
              "memory_class": null,
              "morsel_range": null,
              "operator_id": 8,
              "phase": "breaker_prepare_finish",
              "pipeline_id": 2,
              "query_id": 0,
              "rows": 0,
              "thread_id": 0,
              "time": {
                "duration_ms": 0.0,
                "end_ms": 0.0,
                "start_ms": 0.0
              },
              "total_threads": 0,
              "wait_reason": null,
              "work_unit_id": 2
            }
          ],
          "profile_schema": [
            "query_id",
            "pipeline_id",
            "work_unit_id",
            "operator_id",
            "logical_node_id",
            "thread_id",
            "morsel_range",
            "phase",
            "rows",
            "bytes",
            "time",
            "wait_reason",
            "memory_class"
          ],
          "profile_schema_version": 1,
          "query_id": 0,
          "summary": {
            "Execution Time": "<time-ms>",
            "Rows Returned": 2
          }
        }
        
        block 28 mismatch (line 304)
        SQL: EXPLAIN ANALYZE
        SELECT l.k
        FROM join_explain_spill_l AS l
        LEFT JOIN join_explain_spill_r AS r ON l.k = r.k;
        detail: text mismatch
        diff:
        --- expected
        +++ actual
        @@ -1,6 +1,6 @@
         QUERY PLAN
         PIPELINE 0
        -  SOURCE #0 ROWSET_SCAN (actual time=<time-range> rows=512 loops=<loops>)
        +  SOURCE #0 ROWSET_SCAN (actual time=<time-range> rows=512 loops=<loops>) logical_node_id=24
           SINK #1 HASH_JOIN_BUILD (actual time=<time-range> rows=512 loops=<loops>)
         PIPELINE 1
           SOURCE #2 ROWSET_SCAN (actual time=<time-range> rows=512 loops=<loops>)
        
        block 29 mismatch (line 0)
        SQL: EXPLAIN ANALYZE
        SELECT l.k
        FROM join_explain_spill_l AS l
        LEFT JOIN join_explain_spill_r AS r ON l.k = r.k
        FORMAT JSON;
        detail: json mismatch at row 1, col 1
        diff:
        --- expected
        +++ actual
        @@ -1 +1 @@
        -{
          "format_version": 2,
          "mode": "analyze",
          "operators": [
            {
              "actual": {
                "loops": 2,
                "rows": 512,
                "startup_time_ms": 0.0,
                "total_time_ms": 0.0
              },
              "operator": "ROWSET_SCAN",
              "pipeline": 0,
              "role": "source",
              "runtime_id": 0
            },
            {
              "actual": {
                "loops": 1,
                "rows": 512,
                "startup_time_ms": 0.0,
                "total_time_ms": 0.0
              },
              "operator": "HASH_JOIN_BUILD",
              "pipeline": 0,
              "role": "sink",
              "runtime_id": 1
            },
            {
              "actual": {
                "loops": 2,
                "rows": 512,
                "startup_time_ms": 0.0,
                "total_time_ms": 0.0
              },
              "operator": "ROWSET_SCAN",
              "pipeline": 1,
              "role": "source",
              "runtime_id": 2
            },
            {
              "actual": {
                "loops": 0,
                "rows": 0,
                "startup_time_ms": 0.0,
                "total_time_ms": 0.0
              },
              "operator": "HASH_JOIN_PROBE",
              "pipeline": 1,
              "role": "transform",
              "runtime_id": 3
            },
            {
              "actual": {
                "loops": 0,
                "rows": 0,
                "startup_time_ms": 0.0,
                "total_time_ms": 0.0
              },
              "operator": "PROJECTION",
              "pipeline": 1,
              "role": "transform",
              "runtime_id": 4
            },
            {
              "actual": {
                "loops": 0,
                "rows": 0,
                "startup_time_ms": 0.0,
                "total_time_ms": 0.0
              },
              "operator": "CLIENT_RESULT",
              "pipeline": 1,
              "role": "sink",
              "runtime_id": 5
            },
            {
              "actual": {
                "loops": 3,
                "rows": 512,
                "startup_time_ms": 0.0,
                "total_time_ms": 0.0
              },
              "operator": "HASH_JOIN_SPILL_REPLAY",
              "pipeline": 2,
              "role": "source",
              "runtime_id": 6
            },
            {
              "actual": {
                "loops": 2,
                "rows": 512,
                "startup_time_ms": 0.0,
                "total_time_ms": 0.0
              },
              "operator": "PROJECTION",
              "pipeline": 2,
              "role": "transform",
              "runtime_id": 7
            },
            {
              "actual": {
                "loops": 2,
                "rows": 512,
                "startup_time_ms": 0.0,
                "total_time_ms": 0.0
              },
              "operator": "CLIENT_RESULT",
              "pipeline": 2,
              "role": "sink",
              "runtime_id": 8
            }
          ],
          "profile": {
            "memory": {
              "grant_bytes": 0,
              "repartition_depth": 0,
              "revocable_bytes": 0,
              "revoked_bytes": 0,
              "spill_bytes": 0,
              "spill_latency_us": 0,
              "yield_latency_us": 0
            },
            "parallelism": {
              "backpressure_count": 0,
              "max_threads": 0,
              "observed_workers": 0,
              "operator_time_ms": 0.0,
              "ready_time_us": 0,
              "wait_time_us": 0,
              "wake_coalesce_count": 0,
              "wake_count": 0,
              "worker_utilization": 0.0
            },
            "runtime_filters": {
              "installed_count": 0,
              "no_wait_fallback_count": 0
            }
          },
          "profile_events": [
            {
              "bytes": 0,
              "memory_class": null,
              "morsel_range": null,
              "operator_id": 0,
              "phase": "operator",
              "pipeline_id": 0,
              "query_id": 0,
              "rows": 512,
              "thread_id": 0,
              "time": {
                "duration_ms": 0.0,
                "end_ms": 0.0,
                "start_ms": 0.0
              },
              "total_threads": 0,
              "wait_reason": null,
              "work_unit_id": 0
            },
            {
              "bytes": 0,
              "memory_class": null,
              "morsel_range": null,
              "operator_id": 0,
              "phase": "operator",
              "pipeline_id": 0,
              "query_id": 0,
              "rows": 0,
              "thread_id": 0,
              "time": {
                "duration_ms": 0.0,
                "end_ms": 0.0,
                "start_ms": 0.0
              },
              "total_threads": 0,
              "wait_reason": null,
              "work_unit_id": 0
            },
            {
              "bytes": 0,
              "memory_class": null,
              "morsel_range": {
                "end": 1,
                "kind": "finish_task",
                "start": 0
              },
              "operator_id": 1,
              "phase": "breaker_finish_task",
              "pipeline_id": 0,
              "query_id": 0,
              "rows": 0,
              "thread_id": 0,
              "time": {
                "duration_ms": 0.0,
                "end_ms": 0.0,
                "start_ms": 0.0
              },
              "total_threads": 0,
              "wait_reason": null,
              "work_unit_id": 0
            },
            {
              "bytes": 0,
              "memory_class": null,
              "morsel_range": null,
              "operator_id": 1,
              "phase": "breaker_finish",
              "pipeline_id": 0,
              "query_id": 0,
              "rows": 0,
              "thread_id": 0,
              "time": {
                "duration_ms": 0.0,
                "end_ms": 0.0,
                "start_ms": 0.0
              },
              "total_threads": 0,
              "wait_reason": null,
              "work_unit_id": 0
            },
            {
              "bytes": 0,
              "memory_class": null,
              "morsel_range": null,
              "operator_id": 1,
              "phase": "breaker_finish_group",
              "pipeline_id": 0,
              "query_id": 0,
              "rows": 0,
              "thread_id": 0,
              "time": {
                "duration_ms": 0.0,
                "end_ms": 0.0,
                "start_ms": 0.0
              },
              "total_threads": 0,
              "wait_reason": null,
              "work_unit_id": 0
            },
            {
              "bytes": 0,
              "memory_class": null,
              "morsel_range": null,
              "operator_id": 1,
              "phase": "breaker_finish_work",
              "pipeline_id": 0,
              "query_id": 0,
              "rows": 0,
              "thread_id": 0,
              "time": {
                "duration_ms": 0.0,
                "end_ms": 0.0,
                "start_ms": 0.0
              },
              "total_threads": 0,
              "wait_reason": null,
              "work_unit_id": 0
            },
            {
              "bytes": 0,
              "memory_class": null,
              "morsel_range": null,
              "operator_id": 1,
              "phase": "breaker_prepare_finish",
              "pipeline_id": 0,
              "query_id": 0,
              "rows": 0,
              "thread_id": 0,
              "time": {
                "duration_ms": 0.0,
                "end_ms": 0.0,
                "start_ms": 0.0
              },
              "total_threads": 0,
              "wait_reason": null,
              "work_unit_id": 0
            },
            {
              "bytes": 0,
              "memory_class": null,
              "morsel_range": null,
              "operator_id": 1,
              "phase": "operator",
              "pipeline_id": 0,
              "query_id": 0,
              "rows": 512,
              "thread_id": 0,
              "time": {
                "duration_ms": 0.0,
                "end_ms": 0.0,
                "start_ms": 0.0
              },
              "total_threads": 0,
              "wait_reason": null,
              "work_unit_id": 0
            },
            {
              "bytes": 0,
              "memory_class": null,
              "morsel_range": null,
              "operator_id": 2,
              "phase": "operator",
              "pipeline_id": 1,
              "query_id": 0,
              "rows": 512,
              "thread_id": 0,
              "time": {
                "duration_ms": 0.0,
                "end_ms": 0.0,
                "start_ms": 0.0
              },
              "total_threads": 0,
              "wait_reason": null,
              "work_unit_id": 1
            },
            {
              "bytes": 0,
              "memory_class": null,
              "morsel_range": null,
              "operator_id": 2,
              "phase": "operator",
              "pipeline_id": 1,
              "query_id": 0,
              "rows": 0,
              "thread_id": 0,
              "time": {
                "duration_ms": 0.0,
                "end_ms": 0.0,
                "start_ms": 0.0
              },
              "total_threads": 0,
              "wait_reason": null,
              "work_unit_id": 1
            },
            {
              "bytes": 0,
              "memory_class": null,
              "morsel_range": null,
              "operator_id": 5,
              "phase": "breaker_finish",
              "pipeline_id": 1,
              "query_id": 0,
              "rows": 0,
              "thread_id": 0,
              "time": {
                "duration_ms": 0.0,
                "end_ms": 0.0,
                "start_ms": 0.0
              },
              "total_threads": 0,
              "wait_reason": null,
              "work_unit_id": 1
            },
            {
              "bytes": 0,
              "memory_class": null,
              "morsel_range": null,
              "operator_id": 5,
              "phase": "breaker_finish_work",
              "pipeline_id": 1,
              "query_id": 0,
              "rows": 0,
              "thread_id": 0,
              "time": {
                "duration_ms": 0.0,
                "end_ms": 0.0,
                "start_ms": 0.0
              },
              "total_threads": 0,
              "wait_reason": null,
              "work_unit_id": 1
            },
            {
              "bytes": 0,
              "memory_class": null,
              "morsel_range": null,
              "operator_id": 5,
              "phase": "breaker_prepare_finish",
              "pipeline_id": 1,
              "query_id": 0,
              "rows": 0,
              "thread_id": 0,
              "time": {
                "duration_ms": 0.0,
                "end_ms": 0.0,
                "start_ms": 0.0
              },
              "total_threads": 0,
              "wait_reason": null,
              "work_unit_id": 1
            },
            {
              "bytes": 0,
              "memory_class": null,
              "morsel_range": null,
              "operator_id": 6,
              "phase": "operator",
              "pipeline_id": 2,
              "query_id": 0,
              "rows": 246,
              "thread_id": 0,
              "time": {
                "duration_ms": 0.0,
                "end_ms": 0.0,
                "start_ms": 0.0
              },
              "total_threads": 0,
              "wait_reason": null,
              "work_unit_id": 2
            },
            {
              "bytes": 0,
              "memory_class": null,
              "morsel_range": null,
              "operator_id": 6,
              "phase": "operator",
              "pipeline_id": 2,
              "query_id": 0,
              "rows": 266,
              "thread_id": 0,
              "time": {
                "duration_ms": 0.0,
                "end_ms": 0.0,
                "start_ms": 0.0
              },
              "total_threads": 0,
              "wait_reason": null,
              "work_unit_id": 2
            },
            {
              "bytes": 0,
              "memory_class": null,
              "morsel_range": null,
              "operator_id": 6,
              "phase": "operator",
              "pipeline_id": 2,
              "query_id": 0,
              "rows": 0,
              "thread_id": 0,
              "time": {
                "duration_ms": 0.0,
                "end_ms": 0.0,
                "start_ms": 0.0
              },
              "total_threads": 0,
              "wait_reason": null,
              "work_unit_id": 2
            },
            {
              "bytes": 0,
              "memory_class": null,
              "morsel_range": null,
              "operator_id": 7,
              "phase": "operator",
              "pipeline_id": 2,
              "query_id": 0,
              "rows": 246,
              "thread_id": 0,
              "time": {
                "duration_ms": 0.0,
                "end_ms": 0.0,
                "start_ms": 0.0
              },
              "total_threads": 0,
              "wait_reason": null,
              "work_unit_id": 2
            },
            {
              "bytes": 0,
              "memory_class": null,
              "morsel_range": null,
              "operator_id": 7,
              "phase": "operator",
              "pipeline_id": 2,
              "query_id": 0,
              "rows": 266,
              "thread_id": 0,
              "time": {
                "duration_ms": 0.0,
                "end_ms": 0.0,
                "start_ms": 0.0
              },
              "total_threads": 0,
              "wait_reason": null,
              "work_unit_id": 2
            },
            {
              "bytes": 0,
              "memory_class": null,
              "morsel_range": null,
              "operator_id": 8,
              "phase": "breaker_finish",
              "pipeline_id": 2,
              "query_id": 0,
              "rows": 0,
              "thread_id": 0,
              "time": {
                "duration_ms": 0.0,
                "end_ms": 0.0,
                "start_ms": 0.0
              },
              "total_threads": 0,
              "wait_reason": null,
              "work_unit_id": 2
            },
            {
              "bytes": 0,
              "memory_class": null,
              "morsel_range": null,
              "operator_id": 8,
              "phase": "breaker_finish_work",
              "pipeline_id": 2,
              "query_id": 0,
              "rows": 0,
              "thread_id": 0,
              "time": {
                "duration_ms": 0.0,
                "end_ms": 0.0,
                "start_ms": 0.0
              },
              "total_threads": 0,
              "wait_reason": null,
              "work_unit_id": 2
            },
            {
              "bytes": 0,
              "memory_class": null,
              "morsel_range": null,
              "operator_id": 8,
              "phase": "breaker_prepare_finish",
              "pipeline_id": 2,
              "query_id": 0,
              "rows": 0,
              "thread_id": 0,
              "time": {
                "duration_ms": 0.0,
                "end_ms": 0.0,
                "start_ms": 0.0
              },
              "total_threads": 0,
              "wait_reason": null,
              "work_unit_id": 2
            },
            {
              "bytes": 0,
              "memory_class": null,
              "morsel_range": null,
              "operator_id": 8,
              "phase": "operator",
              "pipeline_id": 2,
              "query_id": 0,
              "rows": 246,
              "thread_id": 0,
              "time": {
                "duration_ms": 0.0,
                "end_ms": 0.0,
                "start_ms": 0.0
              },
              "total_threads": 0,
              "wait_reason": null,
              "work_unit_id": 2
            },
            {
              "bytes": 0,
              "memory_class": null,
              "morsel_range": null,
              "operator_id": 8,
              "phase": "operator",
              "pipeline_id": 2,
              "query_id": 0,
              "rows": 266,
              "thread_id": 0,
              "time": {
                "duration_ms": 0.0,
                "end_ms": 0.0,
                "start_ms": 0.0
              },
              "total_threads": 0,
              "wait_reason": null,
              "work_unit_id": 2
            }
          ],
          "profile_schema": [
            "query_id",
            "pipeline_id",
            "work_unit_id",
            "operator_id",
            "thread_id",
            "morsel_range",
            "phase",
            "rows",
            "bytes",
            "time",
            "wait_reason",
            "memory_class"
          ],
          "profile_schema_version": 1,
          "query_id": 0,
          "summary": {
            "Execution Time": "<time-ms>",
            "Rows Returned": 512
          }
        }
        +{
          "format_version": 2,
          "mode": "analyze",
          "operators": [
            {
              "actual": {
                "loops": 2,
                "rows": 512,
                "startup_time_ms": 0.0,
                "total_time_ms": 0.0
              },
              "logical_node_id": 24,
              "operator": "ROWSET_SCAN",
              "pipeline": 0,
              "role": "source",
              "runtime_id": 0
            },
            {
              "actual": {
                "loops": 1,
                "rows": 512,
                "startup_time_ms": 0.0,
                "total_time_ms": 0.0
              },
              "logical_node_id": null,
              "operator": "HASH_JOIN_BUILD",
              "pipeline": 0,
              "role": "sink",
              "runtime_id": 1
            },
            {
              "actual": {
                "loops": 2,
                "rows": 512,
                "startup_time_ms": 0.0,
                "total_time_ms": 0.0
              },
              "logical_node_id": null,
              "operator": "ROWSET_SCAN",
              "pipeline": 1,
              "role": "source",
              "runtime_id": 2
            },
            {
              "actual": {
                "loops": 0,
                "rows": 0,
                "startup_time_ms": 0.0,
                "total_time_ms": 0.0
              },
              "logical_node_id": null,
              "operator": "HASH_JOIN_PROBE",
              "pipeline": 1,
              "role": "transform",
              "runtime_id": 3
            },
            {
              "actual": {
                "loops": 0,
                "rows": 0,
                "startup_time_ms": 0.0,
                "total_time_ms": 0.0
              },
              "logical_node_id": null,
              "operator": "PROJECTION",
              "pipeline": 1,
              "role": "transform",
              "runtime_id": 4
            },
            {
              "actual": {
                "loops": 0,
                "rows": 0,
                "startup_time_ms": 0.0,
                "total_time_ms": 0.0
              },
              "logical_node_id": null,
              "operator": "CLIENT_RESULT",
              "pipeline": 1,
              "role": "sink",
              "runtime_id": 5
            },
            {
              "actual": {
                "loops": 3,
                "rows": 512,
                "startup_time_ms": 0.0,
                "total_time_ms": 0.0
              },
              "logical_node_id": null,
              "operator": "HASH_JOIN_SPILL_REPLAY",
              "pipeline": 2,
              "role": "source",
              "runtime_id": 6
            },
            {
              "actual": {
                "loops": 2,
                "rows": 512,
                "startup_time_ms": 0.0,
                "total_time_ms": 0.0
              },
              "logical_node_id": null,
              "operator": "PROJECTION",
              "pipeline": 2,
              "role": "transform",
              "runtime_id": 7
            },
            {
              "actual": {
                "loops": 2,
                "rows": 512,
                "startup_time_ms": 0.0,
                "total_time_ms": 0.0
              },
              "logical_node_id": null,
              "operator": "CLIENT_RESULT",
              "pipeline": 2,
              "role": "sink",
              "runtime_id": 8
            }
          ],
          "profile": {
            "memory": {
              "grant_bytes": 0,
              "repartition_depth": 0,
              "revocable_bytes": 0,
              "revoked_bytes": 0,
              "spill_bytes": 0,
              "spill_latency_us": 0,
              "yield_latency_us": 0
            },
            "parallelism": {
              "backpressure_count": 0,
              "max_threads": 0,
              "observed_workers": 0,
              "operator_time_ms": 0.0,
              "ready_time_us": 0,
              "wait_time_us": 0,
              "wake_coalesce_count": 0,
              "wake_count": 0,
              "worker_utilization": 0.0
            },
            "runtime_filters": {
              "installed_count": 0,
              "no_wait_fallback_count": 0
            }
          },
          "profile_events": [
            {
              "bytes": 0,
              "memory_class": null,
              "morsel_range": null,
              "operator_id": 0,
              "phase": "operator",
              "pipeline_id": 0,
              "query_id": 0,
              "rows": 512,
              "thread_id": 0,
              "time": {
                "duration_ms": 0.0,
                "end_ms": 0.0,
                "start_ms": 0.0
              },
              "total_threads": 0,
              "wait_reason": null,
              "work_unit_id": 0
            },
            {
              "bytes": 0,
              "memory_class": null,
              "morsel_range": null,
              "operator_id": 0,
              "phase": "operator",
              "pipeline_id": 0,
              "query_id": 0,
              "rows": 0,
              "thread_id": 0,
              "time": {
                "duration_ms": 0.0,
                "end_ms": 0.0,
                "start_ms": 0.0
              },
              "total_threads": 0,
              "wait_reason": null,
              "work_unit_id": 0
            },
            {
              "bytes": 0,
              "memory_class": null,
              "morsel_range": {
                "end": 1,
                "kind": "finish_task",
                "start": 0
              },
              "operator_id": 1,
              "phase": "breaker_finish_task",
              "pipeline_id": 0,
              "query_id": 0,
              "rows": 0,
              "thread_id": 0,
              "time": {
                "duration_ms": 0.0,
                "end_ms": 0.0,
                "start_ms": 0.0
              },
              "total_threads": 0,
              "wait_reason": null,
              "work_unit_id": 0
            },
            {
              "bytes": 0,
              "memory_class": null,
              "morsel_range": null,
              "operator_id": 1,
              "phase": "breaker_finish",
              "pipeline_id": 0,
              "query_id": 0,
              "rows": 0,
              "thread_id": 0,
              "time": {
                "duration_ms": 0.0,
                "end_ms": 0.0,
                "start_ms": 0.0
              },
              "total_threads": 0,
              "wait_reason": null,
              "work_unit_id": 0
            },
            {
              "bytes": 0,
              "memory_class": null,
              "morsel_range": null,
              "operator_id": 1,
              "phase": "breaker_finish_group",
              "pipeline_id": 0,
              "query_id": 0,
              "rows": 0,
              "thread_id": 0,
              "time": {
                "duration_ms": 0.0,
                "end_ms": 0.0,
                "start_ms": 0.0
              },
              "total_threads": 0,
              "wait_reason": null,
              "work_unit_id": 0
            },
            {
              "bytes": 0,
              "memory_class": null,
              "morsel_range": null,
              "operator_id": 1,
              "phase": "breaker_finish_work",
              "pipeline_id": 0,
              "query_id": 0,
              "rows": 0,
              "thread_id": 0,
              "time": {
                "duration_ms": 0.0,
                "end_ms": 0.0,
                "start_ms": 0.0
              },
              "total_threads": 0,
              "wait_reason": null,
              "work_unit_id": 0
            },
            {
              "bytes": 0,
              "memory_class": null,
              "morsel_range": null,
              "operator_id": 1,
              "phase": "breaker_prepare_finish",
              "pipeline_id": 0,
              "query_id": 0,
              "rows": 0,
              "thread_id": 0,
              "time": {
                "duration_ms": 0.0,
                "end_ms": 0.0,
                "start_ms": 0.0
              },
              "total_threads": 0,
              "wait_reason": null,
              "work_unit_id": 0
            },
            {
              "bytes": 0,
              "memory_class": null,
              "morsel_range": null,
              "operator_id": 1,
              "phase": "operator",
              "pipeline_id": 0,
              "query_id": 0,
              "rows": 512,
              "thread_id": 0,
              "time": {
                "duration_ms": 0.0,
                "end_ms": 0.0,
                "start_ms": 0.0
              },
              "total_threads": 0,
              "wait_reason": null,
              "work_unit_id": 0
            },
            {
              "bytes": 0,
              "memory_class": null,
              "morsel_range": null,
              "operator_id": 2,
              "phase": "operator",
              "pipeline_id": 1,
              "query_id": 0,
              "rows": 512,
              "thread_id": 0,
              "time": {
                "duration_ms": 0.0,
                "end_ms": 0.0,
                "start_ms": 0.0
              },
              "total_threads": 0,
              "wait_reason": null,
              "work_unit_id": 1
            },
            {
              "bytes": 0,
              "memory_class": null,
              "morsel_range": null,
              "operator_id": 2,
              "phase": "operator",
              "pipeline_id": 1,
              "query_id": 0,
              "rows": 0,
              "thread_id": 0,
              "time": {
                "duration_ms": 0.0,
                "end_ms": 0.0,
                "start_ms": 0.0
              },
              "total_threads": 0,
              "wait_reason": null,
              "work_unit_id": 1
            },
            {
              "bytes": 0,
              "memory_class": null,
              "morsel_range": null,
              "operator_id": 5,
              "phase": "breaker_finish",
              "pipeline_id": 1,
              "query_id": 0,
              "rows": 0,
              "thread_id": 0,
              "time": {
                "duration_ms": 0.0,
                "end_ms": 0.0,
                "start_ms": 0.0
              },
              "total_threads": 0,
              "wait_reason": null,
              "work_unit_id": 1
            },
            {
              "bytes": 0,
              "memory_class": null,
              "morsel_range": null,
              "operator_id": 5,
              "phase": "breaker_finish_work",
              "pipeline_id": 1,
              "query_id": 0,
              "rows": 0,
              "thread_id": 0,
              "time": {
                "duration_ms": 0.0,
                "end_ms": 0.0,
                "start_ms": 0.0
              },
              "total_threads": 0,
              "wait_reason": null,
              "work_unit_id": 1
            },
            {
              "bytes": 0,
              "memory_class": null,
              "morsel_range": null,
              "operator_id": 5,
              "phase": "breaker_prepare_finish",
              "pipeline_id": 1,
              "query_id": 0,
              "rows": 0,
              "thread_id": 0,
              "time": {
                "duration_ms": 0.0,
                "end_ms": 0.0,
                "start_ms": 0.0
              },
              "total_threads": 0,
              "wait_reason": null,
              "work_unit_id": 1
            },
            {
              "bytes": 0,
              "memory_class": null,
              "morsel_range": null,
              "operator_id": 6,
              "phase": "operator",
              "pipeline_id": 2,
              "query_id": 0,
              "rows": 246,
              "thread_id": 0,
              "time": {
                "duration_ms": 0.0,
                "end_ms": 0.0,
                "start_ms": 0.0
              },
              "total_threads": 0,
              "wait_reason": null,
              "work_unit_id": 2
            },
            {
              "bytes": 0,
              "memory_class": null,
              "morsel_range": null,
              "operator_id": 6,
              "phase": "operator",
              "pipeline_id": 2,
              "query_id": 0,
              "rows": 266,
              "thread_id": 0,
              "time": {
                "duration_ms": 0.0,
                "end_ms": 0.0,
                "start_ms": 0.0
              },
              "total_threads": 0,
              "wait_reason": null,
              "work_unit_id": 2
            },
            {
              "bytes": 0,
              "memory_class": null,
              "morsel_range": null,
              "operator_id": 6,
              "phase": "operator",
              "pipeline_id": 2,
              "query_id": 0,
              "rows": 0,
              "thread_id": 0,
              "time": {
                "duration_ms": 0.0,
                "end_ms": 0.0,
                "start_ms": 0.0
              },
              "total_threads": 0,
              "wait_reason": null,
              "work_unit_id": 2
            },
            {
              "bytes": 0,
              "memory_class": null,
              "morsel_range": null,
              "operator_id": 7,
              "phase": "operator",
              "pipeline_id": 2,
              "query_id": 0,
              "rows": 246,
              "thread_id": 0,
              "time": {
                "duration_ms": 0.0,
                "end_ms": 0.0,
                "start_ms": 0.0
              },
              "total_threads": 0,
              "wait_reason": null,
              "work_unit_id": 2
            },
            {
              "bytes": 0,
              "memory_class": null,
              "morsel_range": null,
              "operator_id": 7,
              "phase": "operator",
              "pipeline_id": 2,
              "query_id": 0,
              "rows": 266,
              "thread_id": 0,
              "time": {
                "duration_ms": 0.0,
                "end_ms": 0.0,
                "start_ms": 0.0
              },
              "total_threads": 0,
              "wait_reason": null,
              "work_unit_id": 2
            },
            {
              "bytes": 0,
              "memory_class": null,
              "morsel_range": null,
              "operator_id": 8,
              "phase": "breaker_finish",
              "pipeline_id": 2,
              "query_id": 0,
              "rows": 0,
              "thread_id": 0,
              "time": {
                "duration_ms": 0.0,
                "end_ms": 0.0,
                "start_ms": 0.0
              },
              "total_threads": 0,
              "wait_reason": null,
              "work_unit_id": 2
            },
            {
              "bytes": 0,
              "memory_class": null,
              "morsel_range": null,
              "operator_id": 8,
              "phase": "breaker_finish_work",
              "pipeline_id": 2,
              "query_id": 0,
              "rows": 0,
              "thread_id": 0,
              "time": {
                "duration_ms": 0.0,
                "end_ms": 0.0,
                "start_ms": 0.0
              },
              "total_threads": 0,
              "wait_reason": null,
              "work_unit_id": 2
            },
            {
              "bytes": 0,
              "memory_class": null,
              "morsel_range": null,
              "operator_id": 8,
              "phase": "breaker_prepare_finish",
              "pipeline_id": 2,
              "query_id": 0,
              "rows": 0,
              "thread_id": 0,
              "time": {
                "duration_ms": 0.0,
                "end_ms": 0.0,
                "start_ms": 0.0
              },
              "total_threads": 0,
              "wait_reason": null,
              "work_unit_id": 2
            },
            {
              "bytes": 0,
              "memory_class": null,
              "morsel_range": null,
              "operator_id": 8,
              "phase": "operator",
              "pipeline_id": 2,
              "query_id": 0,
              "rows": 246,
              "thread_id": 0,
              "time": {
                "duration_ms": 0.0,
                "end_ms": 0.0,
                "start_ms": 0.0
              },
              "total_threads": 0,
              "wait_reason": null,
              "work_unit_id": 2
            },
            {
              "bytes": 0,
              "memory_class": null,
              "morsel_range": null,
              "operator_id": 8,
              "phase": "operator",
              "pipeline_id": 2,
              "query_id": 0,
              "rows": 266,
              "thread_id": 0,
              "time": {
                "duration_ms": 0.0,
                "end_ms": 0.0,
                "start_ms": 0.0
              },
              "total_threads": 0,
              "wait_reason": null,
              "work_unit_id": 2
            }
          ],
          "profile_schema": [
            "query_id",
            "pipeline_id",
            "work_unit_id",
            "operator_id",
            "logical_node_id",
            "thread_id",
            "morsel_range",
            "phase",
            "rows",
            "bytes",
            "time",
            "wait_reason",
            "memory_class"
          ],
          "profile_schema_version": 1,
          "query_id": 0,
          "summary": {
            "Execution Time": "<time-ms>",
            "Rows Returned": 512
          }
        }
  PASS  cases/query/join/join_inner.sql                            (1.18s)
  PASS  cases/query/join/join_mixed_predicates.sql                 (0.41s)
  PASS  cases/query/join/join_nonequal.sql                         (0.27s)
  PASS  cases/query/join/join_null_semantics.sql                   (0.38s)
  PASS  cases/query/join/join_outer.sql                            (0.56s)
  PASS  cases/query/join/join_semi_anti.sql                        (0.45s)
  FAIL  cases/query/join/join_spill_external.sql                   (1.35s)
        block 21 mismatch (line 168)
        SQL: EXPLAIN ANALYZE
        SELECT count(r.v)
        FROM join_spill_skew_l l
        LEFT JOIN join_spill_skew_r r
          ON l.k = r.k;
        detail: text mismatch
        diff:
        --- expected
        +++ actual
        @@ -1,6 +1,6 @@
         QUERY PLAN
         PIPELINE 0
        -  SOURCE #0 ROWSET_SCAN (actual time=<time-range> rows=3000 loops=<loops>)
        +  SOURCE #0 ROWSET_SCAN (actual time=<time-range> rows=3000 loops=<loops>) logical_node_id=43
           SINK #1 HASH_JOIN_BUILD (actual time=<time-range> rows=3000 loops=<loops> runtime_filter_installed_count=1)
         PIPELINE 1
           SOURCE #2 ROWSET_SCAN (actual time=<time-range> rows=2500 loops=<loops>)
  PASS  cases/query/join/join_subquery.sql                         (0.67s)
  FAIL  cases/query/property_repair_runtime.sql                    (0.16s)
        block 1 mismatch (line 1)
        SQL: EXPLAIN ANALYZE
        SELECT l.label, r.payload
        FROM property_repair_left AS l
        LEFT JOIN property_repair_right AS r ON l.id = r.id
        ORDER BY l.sort_key;
        detail: text mismatch
        diff:
        --- expected
        +++ actual
        @@ -1,6 +1,6 @@
         QUERY PLAN
         PIPELINE 0
        -  SOURCE #0 ROWSET_SCAN (actual time=<time-range> rows=4 loops=<loops>)
        +  SOURCE #0 ROWSET_SCAN (actual time=<time-range> rows=4 loops=<loops>) logical_node_id=45
           SINK #1 HASH_JOIN_BUILD (actual time=<time-range> rows=4 loops=<loops>)
         PIPELINE 1
           SOURCE #2 ROWSET_SCAN (actual time=<time-range> rows=4 loops=<loops>)
  PASS  cases/query/select/basic_select.sql                        (0.09s)
  PASS  cases/query/select/rowset_scan_pushdown.sql                (0.54s)
  PASS  cases/query/select/select_constants.sql                    (0.16s)
  PASS  cases/query/select/select_expression_evaluation.sql        (0.04s)
  PASS  cases/query/select/select_filter.sql                       (0.08s)
  PASS  cases/query/select/select_in_clause.sql                    (0.01s)
  PASS  cases/query/select/select_order_by.sql                     (0.29s)
  FAIL  cases/query/select/select_order_by_spill.sql               (0.35s)
        block 11 mismatch (line 82)
        SQL: EXPLAIN ANALYZE SELECT id FROM order_spill_test ORDER BY id DESC, k1 ASC;
        detail: text mismatch
        diff:
        --- expected
        +++ actual
        @@ -1,7 +1,7 @@
         QUERY PLAN
         PIPELINE 0
        -  SOURCE #0 ROWSET_SCAN (actual time=<time-range> rows=128 loops=<loops>)
        -  TRANSFORM #1 PROJECTION (actual time=<time-range> rows=128 loops=<loops>)
        +  SOURCE #0 ROWSET_SCAN (actual time=<time-range> rows=128 loops=<loops>) logical_node_id=15
        +  TRANSFORM #1 PROJECTION (actual time=<time-range> rows=128 loops=<loops>) logical_node_id=16
           SINK #2 SORT_BUILD (actual time=<time-range> rows=128 loops=<loops> spilled=true peak_memory_bytes=<bytes> spilled_bytes=<bytes>)
         PIPELINE 1
           SOURCE #3 SORT_EMIT (actual time=<time-range> rows=128 loops=<loops>)
        
        block 16 mismatch (line 116)
        SQL: EXPLAIN ANALYZE SELECT id FROM order_spill_smallmem_test ORDER BY id ASC, k1 DESC;
        detail: text mismatch
        diff:
        --- expected
        +++ actual
        @@ -1,7 +1,7 @@
         QUERY PLAN
         PIPELINE 0
        -  SOURCE #0 ROWSET_SCAN (actual time=<time-range> rows=6 loops=<loops>)
        -  TRANSFORM #1 PROJECTION (actual time=<time-range> rows=6 loops=<loops>)
        +  SOURCE #0 ROWSET_SCAN (actual time=<time-range> rows=6 loops=<loops>) logical_node_id=15
        +  TRANSFORM #1 PROJECTION (actual time=<time-range> rows=6 loops=<loops>) logical_node_id=16
           SINK #2 SORT_BUILD (actual time=<time-range> rows=6 loops=<loops> spilled=true peak_memory_bytes=<bytes> spilled_bytes=<bytes>)
         PIPELINE 1
           SOURCE #3 SORT_EMIT (actual time=<time-range> rows=6 loops=<loops>)
  PASS  cases/query/select/select_projection.sql                   (0.08s)
  PASS  cases/query/select/select_query_modifiers.sql              (0.05s)
  FAIL  cases/query/select/select_topn_fallback_spill.sql          (0.13s)
        block 8 mismatch (line 64)
        SQL: EXPLAIN ANALYZE
        SELECT id
        FROM topn_fallback_spill_case
        ORDER BY score DESC
        LIMIT 3;
        detail: text mismatch
        diff:
        --- expected
        +++ actual
        @@ -1,7 +1,7 @@
         QUERY PLAN
         PIPELINE 0
        -  SOURCE #0 ROWSET_SCAN (actual time=<time-range> rows=<rows> loops=<loops>)
        -  TRANSFORM #1 PROJECTION (actual time=<time-range> rows=<rows> loops=<loops>)
        +  SOURCE #0 ROWSET_SCAN (actual time=<time-range> rows=<rows> loops=<loops>) logical_node_id=28
        +  TRANSFORM #1 PROJECTION (actual time=<time-range> rows=<rows> loops=<loops>) logical_node_id=29
           SINK #2 TOP_N_BUILD (actual time=<time-range> rows=<rows> loops=<loops>)
         PIPELINE 1
           SOURCE #3 TOP_N_EMIT (actual time=<time-range> rows=<rows> loops=<loops>)
  PASS  cases/query/select/select_transaction_time.sql             (0.07s)
  PASS  cases/query/select/select_window_execution.sql             (0.11s)
  PASS  cases/query/select/select_window_spill.sql                 (0.23s)
  PASS  cases/query/subquery/subquery_any_all.sql                  (0.26s)
  PASS  cases/query/subquery/subquery_correlated.sql               (0.58s)
  PASS  cases/query/subquery/subquery_exists.sql                   (0.35s)
  PASS  cases/query/subquery/subquery_in.sql                       (0.22s)
  PASS  cases/query/subquery/subquery_lateral.sql                  (0.21s)
  PASS  cases/query/subquery/subquery_phase45.sql                  (0.27s)
  PASS  cases/query/subquery/subquery_scalar.sql                   (0.44s)
  PASS  cases/query/vector/vector_search.sql                       (1.35s)
  PASS  cases/system/memory.sql                                    (0.11s)
  FAIL  cases/system/optimizer_observability.sql                   (0.17s)
        block 9 mismatch (line 48)
        SQL: EXPLAIN (VERBOSE)
        SELECT id
        FROM obs_docs
        WHERE fulltext_match(title, 'graph')
        ORDER BY bm25(title, 'graph') DESC, id
        LIMIT 2;
        detail: text mismatch
        diff:
        --- expected
        +++ actual
        @@ -12,13 +12,13 @@
               Output: id, bm25(public.obs_docs.title, 'graph')
               Cardinality: [0, 1, 1]
               Output Schema: id INTEGER, expression_2 FLOAT
        -      ->  FULLTEXT_SCAN on public.obs_docs  (rows=1)
        -        Search Definition: <search-definition-id>
        -        Search Generation: <search-generation-id>
        -        Search Root: <search-root-id>
        -        Search Capability: Queryable
        -        Search Candidate: full text
        -        Column: title
        -        Mode: Filter
        +      ->  FILTER  (rows=1)
        +        Filter: fulltext_match(public.obs_docs.title, 'graph')
                 Cardinality: [0, 1, 1]
                 Output Schema: public.obs_docs.id INTEGER, public.obs_docs.title VARCHAR
        +        ->  ROWSET_SCAN on public.obs_docs  (rows=3)
        +          Column IDs: 0, 1
        +          Columns: id, title
        +          Residual Predicate: fulltext_match(title, 'graph')
        +          Cardinality: [3, 3, 3]
        +          Output Schema: public.obs_docs.id INTEGER, public.obs_docs.title VARCHAR
  PASS  cases/system/optimizer_profile.sql                         (0.02s)
  PASS  cases/system/parallel_execution.sql                        (0.11s)
  FAIL  cases/system/search_optimization.sql                       (0.18s)
        block 5 mismatch (line 22)
        SQL: EXPLAIN (VERBOSE)
        SELECT id
        FROM search_opt_docs
        WHERE fulltext_match(content, 'graph database')
        ORDER BY bm25(content, 'graph database') DESC, id
        LIMIT 2;
        detail: text mismatch
        diff:
        --- expected
        +++ actual
        @@ -12,13 +12,13 @@
               Output: id, bm25(public.search_opt_docs.content, 'graph database')
               Cardinality: [0, 1, 1]
               Output Schema: id INTEGER, expression_2 FLOAT
        -      ->  FULLTEXT_SCAN on public.search_opt_docs  (rows=1)
        -        Search Definition: <search-definition-id>
        -        Search Generation: <search-generation-id>
        -        Search Root: <search-root-id>
        -        Search Capability: Queryable
        -        Search Candidate: full text
        -        Column: content
        -        Mode: Filter
        +      ->  FILTER  (rows=1)
        +        Filter: fulltext_match(public.search_opt_docs.content, 'graph database')
                 Cardinality: [0, 1, 1]
                 Output Schema: public.search_opt_docs.id INTEGER, public.search_opt_docs.content VARCHAR
        +        ->  ROWSET_SCAN on public.search_opt_docs  (rows=4)
        +          Column IDs: 0, 2
        +          Columns: id, content
        +          Residual Predicate: fulltext_match(content, 'graph database')
        +          Cardinality: [4, 4, 4]
        +          Output Schema: public.search_opt_docs.id INTEGER, public.search_opt_docs.content VARCHAR
        
        block 7 mismatch (line 63)
        SQL: EXPLAIN (VERBOSE)
        SELECT id
        FROM search_opt_docs
        WHERE fulltext_match(content, 'graph database')
          AND category = 'tech';
        detail: text mismatch
        diff:
        --- expected
        +++ actual
        @@ -3,15 +3,15 @@
           Output: id
           Cardinality: [0, 1, 1]
           Output Schema: id INTEGER
        -  ->  FULLTEXT_SCAN on public.search_opt_docs  (rows=1)
        -    Search Definition: <search-definition-id>
        -    Search Generation: <search-generation-id>
        -    Search Root: <search-root-id>
        -    Search Capability: Queryable
        -    Search Candidate: full text
        -    Column: content
        -    Mode: Filter
        -    Pushed Predicate: category = 'tech'
        -    Filter Pushdown: exact segment row set materialized by column scan; no residual filter
        +  ->  FILTER  (rows=1)
        +    Filter: fulltext_match(public.search_opt_docs.content, 'graph database')
             Cardinality: [0, 1, 1]
             Output Schema: public.search_opt_docs.id INTEGER
        +    ->  ROWSET_SCAN on public.search_opt_docs  (rows=4)
        +      Column IDs: 0, 1, 2
        +      Columns: id, category, content
        +      Pushed Predicate: category = 'tech'
        +      Late Materialize: auto
        +      Residual Predicate: fulltext_match(content, 'graph database')
        +      Cardinality: [4, 4, 4]
        +      Output Schema: public.search_opt_docs.id INTEGER, public.search_opt_docs.category VARCHAR, public.search_opt_docs.content VARCHAR
  FAIL  cases/system/spill_observability_guardrails.sql            (1.50s)
        block 8 mismatch (line 30)
        SQL: EXPLAIN ANALYZE SELECT id FROM spill_h_sort ORDER BY id DESC;
        detail: text mismatch
        diff:
        --- expected
        +++ actual
        @@ -1,7 +1,7 @@
         QUERY PLAN
         PIPELINE 0
        -  SOURCE #0 ROWSET_SCAN (actual time=<time-range> rows=10000 loops=<loops>)
        -  TRANSFORM #1 PROJECTION (actual time=<time-range> rows=10000 loops=<loops>)
        +  SOURCE #0 ROWSET_SCAN (actual time=<time-range> rows=10000 loops=<loops>) logical_node_id=12
        +  TRANSFORM #1 PROJECTION (actual time=<time-range> rows=10000 loops=<loops>) logical_node_id=13
           SINK #2 SORT_BUILD (actual time=<time-range> rows=10000 loops=<loops> spilled=true peak_memory_bytes=<bytes> spilled_bytes=<bytes>)
         PIPELINE 1
           SOURCE #3 SORT_EMIT (actual time=<time-range> rows=10000 loops=<loops>)
        
        block 9 mismatch (line 45)
        SQL: EXPLAIN ANALYZE
        SELECT k1, k2, SUM(v)
        FROM spill_h_agg
        GROUP BY k1, k2;
        detail: text mismatch
        diff:
        --- expected
        +++ actual
        @@ -1,6 +1,6 @@
         QUERY PLAN
         PIPELINE 0
        -  SOURCE #0 ROWSET_SCAN (actual time=<time-range> rows=200000 loops=<loops>)
        +  SOURCE #0 ROWSET_SCAN (actual time=<time-range> rows=200000 loops=<loops>) logical_node_id=14
           SINK #1 HASH_AGGREGATE_BUILD (actual time=<time-range> rows=200000 loops=<loops> spilled=true spilled_bytes=<bytes> aggregate_hash_full_key_fallback_count=<adaptive> aggregate_hash_max_prefix_probe_distance=<adaptive> repartition_depth=1)
         PIPELINE 1
           SOURCE #2 HASH_AGGREGATE_EMIT (actual time=<time-range> rows=200000 loops=<loops>)
        
        block 13 mismatch (line 84)
        SQL: EXPLAIN ANALYZE SELECT id FROM spill_h_sort ORDER BY id DESC;
        detail: text mismatch
        diff:
        --- expected
        +++ actual
        @@ -1,7 +1,7 @@
         QUERY PLAN
         PIPELINE 0
        -  SOURCE #0 ROWSET_SCAN (actual time=<time-range> rows=10000 loops=<loops>)
        -  TRANSFORM #1 PROJECTION (actual time=<time-range> rows=10000 loops=<loops>)
        +  SOURCE #0 ROWSET_SCAN (actual time=<time-range> rows=10000 loops=<loops>) logical_node_id=12
        +  TRANSFORM #1 PROJECTION (actual time=<time-range> rows=10000 loops=<loops>) logical_node_id=13
           SINK #2 SORT_BUILD (actual time=<time-range> rows=10000 loops=<loops> peak_memory_bytes=<bytes>)
         PIPELINE 1
           SOURCE #3 SORT_EMIT (actual time=<time-range> rows=10000 loops=<loops>)
        
        block 15 mismatch (line 102)
        SQL: EXPLAIN ANALYZE SELECT id FROM spill_h_sort ORDER BY id DESC;
        detail: text mismatch
        diff:
        --- expected
        +++ actual
        @@ -1,7 +1,7 @@
         QUERY PLAN
         PIPELINE 0
        -  SOURCE #0 ROWSET_SCAN (actual time=<time-range> rows=10000 loops=<loops>)
        -  TRANSFORM #1 PROJECTION (actual time=<time-range> rows=10000 loops=<loops>)
        +  SOURCE #0 ROWSET_SCAN (actual time=<time-range> rows=10000 loops=<loops>) logical_node_id=12
        +  TRANSFORM #1 PROJECTION (actual time=<time-range> rows=10000 loops=<loops>) logical_node_id=13
           SINK #2 SORT_BUILD (actual time=<time-range> rows=10000 loops=<loops> spilled=true peak_memory_bytes=<bytes> spilled_bytes=<bytes>)
         PIPELINE 1
           SOURCE #3 SORT_EMIT (actual time=<time-range> rows=10000 loops=<loops>)
  PASS  cases/system/statistics_query.sql                          (0.16s)
  PASS  cases/txn/alter_entry_rename_conflict_savepoint.sql        (0.15s)
  PASS  cases/txn/interleavings/commit_snapshot_overlay.sql        (0.14s)
  PASS  cases/txn/interleavings/session_isolation_defaults.sql     (0.01s)
  PASS  cases/txn/interleavings/write_conflict_and_for_update.sql  (0.24s)
  PASS  cases/txn/prepared_cursor.sql                              (0.11s)
  PASS  cases/txn/transaction_finalization.sql                     (0.09s)
  PASS  cases/txn/transaction_settings_savepoint.sql               (0.02s)
  PASS  cases/types/encoding_escape.sql                            (0.08s)
  PASS  cases/types/type_cast.sql                                  (0.04s)
  PASS  cases/types/type_roundtrip_array.sql                       (0.07s)
  PASS  cases/types/type_roundtrip_blob.sql                        (0.07s)
  PASS  cases/types/type_roundtrip_boolean.sql                     (0.07s)
  PASS  cases/types/type_roundtrip_decimal.sql                     (0.17s)
  PASS  cases/types/type_roundtrip_floats.sql                      (0.08s)
  PASS  cases/types/type_roundtrip_fulltext.sql                    (0.08s)
  PASS  cases/types/type_roundtrip_integers.sql                    (0.09s)
  PASS  cases/types/type_roundtrip_json.sql                        (0.08s)
  PASS  cases/types/type_roundtrip_list.sql                        (0.09s)
  PASS  cases/types/type_roundtrip_pk_nonpk.sql                    (0.16s)
  PASS  cases/types/type_roundtrip_strings.sql                     (0.08s)
  PASS  cases/types/type_roundtrip_struct.sql                      (0.08s)
  PASS  cases/types/type_roundtrip_temporal.sql                    (0.08s)
  PASS  cases/types/type_roundtrip_time.sql                        (0.08s)
  PASS  cases/types/type_roundtrip_timestamptz.sql                 (0.08s)
  PASS  cases/types/type_roundtrip_uuid.sql                        (0.08s)
  PASS  cases/types/type_roundtrip_vector.sql                      (0.09s)
  PASS  cases/vector/pgvector_distance_operators.sql               (0.12s)
  PASS  cases/vector/pgvector_topn_filter_flow.sql                 (0.14s)

--------------------------------------------------
Results: 168 passed, 16 failed, 0 skipped, 0 new
Time:    74.07s

Detailed report: /Users/linjunhong/workspace/paro/regress/report/report.txt
Error details:   /Users/linjunhong/workspace/paro/regress/report/error.txt
Log file:        /Users/linjunhong/workspace/paro/regress/report/regress.log
